{
    "Zombie_Slaughter.Level-1": {
        "category": "master",
        "sounds": [
            {
                "name": "Zombie_Slaughter/Level-1",
                "stream": false
            }]
    },
    "Zombie_Slaughter.Level-others": {
        "category": "master",
        "sounds": [
            {
                "name": "Zombie_Slaughter/Level-others",
                "stream": false
            }]
    },
    "Zombie_Slaughter.Ambient": {
        "category": "master",
        "sounds": [
            {
                "name": "Zombie_Slaughter/Ambient",
                "stream": false
            }]
    }
    }