{
  "__comment": "Model_generated_using_MrCrayfish\u0027s_Model_Creator_(http://mrcrayfish.com/modelcreator/)",
  "textures": {
    "0": "block/acacia_planks"
  },
  "elements": [
    {
      "name": "Cube",
      "from": [
        6.899999998509884,
        9.299999989569187,
        2.0
      ],
      "to": [
        8.899999998509884,
        12.299999989569187,
        11.700000010430813
      ],
      "rotation": {
        "origin": [
          8.0,
          8.0,
          8.0
        ],
        "axis": "x",
        "angle": -22.5
      },
      "faces": {
        "north": {
          "texture": "#0",
          "uv": [
            0.0,
            0.0,
            2.0,
            3.0
          ]
        },
        "east": {
          "texture": "#0",
          "uv": [
            0.0,
            0.0,
            9.700000010430813,
            3.0
          ]
        },
        "south": {
          "texture": "#0",
          "uv": [
            0.0,
            0.0,
            2.0,
            3.0
          ]
        },
        "west": {
          "texture": "#0",
          "uv": [
            0.0,
            0.0,
            9.700000010430813,
            3.0
          ]
        },
        "up": {
          "texture": "#0",
          "uv": [
            0.0,
            0.0,
            13.699999999999998,
            2.0
          ]
        },
        "down": {
          "texture": "#0",
          "uv": [
            0.0,
            0.0,
            13.700000000000001,
            2.0
          ]
        }
      }
    },
    {
      "name": "Cube",
      "from": [
        6.499999992549419,
        6.0,
        0.0
      ],
      "to": [
        9.49999999254942,
        10.0,
        2.0
      ],
      "faces": {
        "north": {
          "texture": "#0",
          "uv": [
            0.0,
            0.0,
            3.0,
            4.0
          ]
        },
        "east": {
          "texture": "#0",
          "uv": [
            0.0,
            0.0,
            2.0,
            4.0
          ]
        },
        "south": {
          "texture": "#0",
          "uv": [
            0.0,
            0.0,
            3.0,
            4.0
          ]
        },
        "west": {
          "texture": "#0",
          "uv": [
            0.0,
            0.0,
            2.0,
            4.0
          ]
        },
        "up": {
          "texture": "#0",
          "uv": [
            0.0,
            0.0,
            3.0,
            2.0
          ]
        },
        "down": {
          "texture": "#0",
          "uv": [
            0.0,
            0.0,
            3.0,
            2.0
          ]
        }
      }
    }
  ]
}
