{
  "__comment": "Model_generated_using_MrCrayfish\u0027s_Model_Creator_(http://mrcrayfish.com/modelcreator/)",
  "display": {
    "gui": {
      "rotation": [
        30,
        135,
        0
      ],
      "translation": [
        0,
        0,
        0
      ],
      "scale": [
        0.625,
        0.625,
        0.625
      ]
    },
    "head": {
      "rotation": [
        0,
        -90,
        0
      ],
      "translation": [
        0,
        0,
        0
      ],
      "scale": [
        1,
        1,
        1
      ]
    },
    "ground": {
      "rotation": [
        0,
        0,
        0
      ],
      "translation": [
        0,
        3,
        0
      ],
      "scale": [
        0.25,
        0.25,
        0.25
      ]
    },
    "fixed": {
      "rotation": [
        0,
        0,
        0
      ],
      "translation": [
        0,
        0,
        0
      ],
      "scale": [
        0.5,
        0.5,
        0.5
      ]
    },
    "thirdperson_righthand": {
      "rotation": [
        75,
        45,
        0
      ],
      "translation": [
        0,
        2.5,
        0
      ],
      "scale": [
        0.375,
        0.375,
        0.375
      ]
    },
    "firstperson_righthand": {
      "rotation": [
        0,
        45,
        0
      ],
      "translation": [
        0,
        0,
        0
      ],
      "scale": [
        0.40,
        0.40,
        0.40
      ]
    },
    "firstperson_lefthand": {
      "rotation": [
        0,
        225,
        0
      ],
      "translation": [
        0,
        0,
        0
      ],
      "scale": [
        0.40,
        0.40,
        0.40
      ]
    }
  },
  "textures": {
    "particle": "block/bookshelf",
    "0": "block/oak_planks",
    "1": "block/bookshelf_partone",
    "2": "block/bookshelf_parttwo",
    "3": "block/bookshelf_partthree",
    "4": "block/bookshelf_partfive",
    "5": "block/bookshelf",
    "6": "block/bookshelf_partsix",
    "7": "block/bookshelf_partfour"
  },
  "elements": [
    {
      "name": "StÃ¼tzehintenlinks",
      "from": [
        0.0,
        1.0,
        0.0
      ],
      "to": [
        2.0,
        15.0,
        2.0
      ],
      "faces": {
        "north": {
          "texture": "#0",
          "uv": [
            0.0,
            0.0,
            2.0,
            14.0
          ]
        },
        "east": {
          "texture": "#0",
          "uv": [
            0.0,
            0.0,
            2.0,
            14.0
          ]
        },
        "south": {
          "texture": "#0",
          "uv": [
            0.0,
            0.0,
            2.0,
            14.0
          ]
        },
        "west": {
          "texture": "#0",
          "uv": [
            0.0,
            0.0,
            2.0,
            14.0
          ]
        },
        "up": {
          "texture": "#0",
          "uv": [
            0.0,
            0.0,
            2.0,
            2.0
          ]
        },
        "down": {
          "texture": "#0",
          "uv": [
            0.0,
            0.0,
            2.0,
            2.0
          ]
        }
      }
    },
    {
      "name": "StÃ¼tzehintenrechts",
      "from": [
        14.0,
        1.0,
        0.0
      ],
      "to": [
        16.0,
        15.0,
        2.0
      ],
      "faces": {
        "north": {
          "texture": "#0",
          "uv": [
            0.0,
            0.0,
            2.0,
            14.0
          ]
        },
        "east": {
          "texture": "#0",
          "uv": [
            0.0,
            0.0,
            2.0,
            14.0
          ]
        },
        "south": {
          "texture": "#0",
          "uv": [
            0.0,
            0.0,
            2.0,
            14.0
          ]
        },
        "west": {
          "texture": "#0",
          "uv": [
            0.0,
            0.0,
            2.0,
            14.0
          ]
        },
        "up": {
          "texture": "#0",
          "uv": [
            0.0,
            0.0,
            2.0,
            2.0
          ]
        },
        "down": {
          "texture": "#0",
          "uv": [
            0.0,
            0.0,
            2.0,
            2.0
          ]
        }
      }
    },
    {
      "name": "StÃ¼tzevornerechts",
      "from": [
        14.0,
        1.0,
        14.0
      ],
      "to": [
        16.0,
        15.0,
        16.0
      ],
      "faces": {
        "north": {
          "texture": "#0",
          "uv": [
            0.0,
            0.0,
            2.0,
            14.0
          ]
        },
        "east": {
          "texture": "#0",
          "uv": [
            0.0,
            0.0,
            2.0,
            14.0
          ]
        },
        "south": {
          "texture": "#0",
          "uv": [
            0.0,
            0.0,
            2.0,
            14.0
          ]
        },
        "west": {
          "texture": "#0",
          "uv": [
            0.0,
            0.0,
            2.0,
            14.0
          ]
        },
        "up": {
          "texture": "#0",
          "uv": [
            0.0,
            0.0,
            2.0,
            2.0
          ]
        },
        "down": {
          "texture": "#0",
          "uv": [
            0.0,
            0.0,
            2.0,
            2.0
          ]
        }
      }
    },
    {
      "name": "StÃ¼tzevornelinks",
      "from": [
        0.0,
        1.0,
        14.0
      ],
      "to": [
        2.0,
        15.0,
        16.0
      ],
      "faces": {
        "north": {
          "texture": "#0",
          "uv": [
            0.0,
            0.0,
            2.0,
            14.0
          ]
        },
        "east": {
          "texture": "#0",
          "uv": [
            0.0,
            0.0,
            2.0,
            14.0
          ]
        },
        "south": {
          "texture": "#0",
          "uv": [
            0.0,
            0.0,
            2.0,
            14.0
          ]
        },
        "west": {
          "texture": "#0",
          "uv": [
            0.0,
            0.0,
            2.0,
            14.0
          ]
        },
        "up": {
          "texture": "#0",
          "uv": [
            0.0,
            0.0,
            2.0,
            2.0
          ]
        },
        "down": {
          "texture": "#0",
          "uv": [
            0.0,
            0.0,
            2.0,
            2.0
          ]
        }
      }
    },
    {
      "name": "Deckel",
      "from": [
        0.0,
        15.0,
        0.0
      ],
      "to": [
        16.0,
        16.0,
        16.0
      ],
      "faces": {
        "north": {
          "texture": "#0",
          "uv": [
            0.0,
            0.0,
            16.0,
            1.0
          ]
        },
        "east": {
          "texture": "#0",
          "uv": [
            0.0,
            0.0,
            16.0,
            1.0
          ]
        },
        "south": {
          "texture": "#0",
          "uv": [
            0.0,
            0.0,
            16.0,
            1.0
          ]
        },
        "west": {
          "texture": "#0",
          "uv": [
            0.0,
            0.0,
            16.0,
            1.0
          ]
        },
        "up": {
          "texture": "#0",
          "uv": [
            0.0,
            0.0,
            16.0,
            16.0
          ]
        },
        "down": {
          "texture": "#0",
          "uv": [
            0.0,
            0.0,
            16.0,
            16.0
          ]
        }
      }
    },
    {
      "name": "Boden",
      "from": [
        0.0,
        0.0,
        0.0
      ],
      "to": [
        16.0,
        1.0,
        16.0
      ],
      "faces": {
        "north": {
          "texture": "#0",
          "uv": [
            0.0,
            0.0,
            16.0,
            1.0
          ]
        },
        "east": {
          "texture": "#0",
          "uv": [
            0.0,
            0.0,
            16.0,
            1.0
          ]
        },
        "south": {
          "texture": "#0",
          "uv": [
            0.0,
            0.0,
            16.0,
            1.0
          ]
        },
        "west": {
          "texture": "#0",
          "uv": [
            0.0,
            0.0,
            16.0,
            1.0
          ]
        },
        "up": {
          "texture": "#0",
          "uv": [
            0.0,
            0.0,
            16.0,
            16.0
          ]
        },
        "down": {
          "texture": "#0",
          "uv": [
            0.0,
            0.0,
            16.0,
            16.0
          ]
        }
      }
    },
    {
      "name": "Regaloben",
      "from": [
        0.10000000149011612,
        10.0,
        0.10000000149011612
      ],
      "to": [
        15.899999998509884,
        11.0,
        15.899999998509884
      ],
      "faces": {
        "north": {
          "texture": "#0",
          "uv": [
            0.0,
            0.0,
            15.799999997019768,
            1.0
          ]
        },
        "east": {
          "texture": "#0",
          "uv": [
            0.0,
            0.0,
            15.799999997019768,
            1.0
          ]
        },
        "south": {
          "texture": "#0",
          "uv": [
            0.0,
            0.0,
            15.799999997019768,
            1.0
          ]
        },
        "west": {
          "texture": "#0",
          "uv": [
            0.0,
            0.0,
            15.799999997019768,
            1.0
          ]
        },
        "up": {
          "texture": "#0",
          "uv": [
            0.0,
            0.0,
            15.799999997019768,
            15.799999997019768
          ]
        },
        "down": {
          "texture": "#0",
          "uv": [
            0.0,
            0.0,
            15.799999997019768,
            15.799999997019768
          ]
        }
      }
    },
    {
      "name": "Regalunten",
      "from": [
        0.10000000149011612,
        5.0,
        0.10000000149011612
      ],
      "to": [
        15.899999998509884,
        6.0,
        15.899999998509884
      ],
      "faces": {
        "north": {
          "texture": "#0",
          "uv": [
            0.0,
            0.0,
            15.799999997019768,
            1.0
          ]
        },
        "east": {
          "texture": "#0",
          "uv": [
            0.0,
            0.0,
            15.799999997019768,
            1.0
          ]
        },
        "south": {
          "texture": "#0",
          "uv": [
            0.0,
            0.0,
            15.799999997019768,
            1.0
          ]
        },
        "west": {
          "texture": "#0",
          "uv": [
            0.0,
            0.0,
            15.799999997019768,
            1.0
          ]
        },
        "up": {
          "texture": "#0",
          "uv": [
            0.0,
            0.0,
            15.799999997019768,
            15.799999997019768
          ]
        },
        "down": {
          "texture": "#0",
          "uv": [
            0.0,
            0.0,
            15.799999997019768,
            15.799999997019768
          ]
        }
      }
    },
    {
      "name": "Buch1",
      "from": [
        15.599999994039536,
        1.0,
        5.300000004470348
      ],
      "to": [
        16.599999994039536,
        4.500000007450581,
        8.300000004470348
      ],
      "rotation": {
        "origin": [
          8.0,
          8.0,
          8.0
        ],
        "axis": "y",
        "angle": 45.0
      },
      "faces": {
        "north": {
          "texture": "#1",
          "uv": [
            0.0,
            2.0,
            2.0,
            12.0
          ]
        },
        "east": {
          "texture": "#1",
          "uv": [
            0.0,
            0.0,
            11.700000000000001,
            16.00000000745058
          ]
        },
        "south": {
          "texture": "#1",
          "uv": [
            0.0,
            2.0,
            2.0,
            12.000000007450579
          ]
        },
        "west": {
          "texture": "#1",
          "uv": [
            0.0,
            0.0,
            11.8,
            16.0
          ]
        },
        "up": {
          "texture": "#1",
          "uv": [
            0.0,
            0.0,
            2.0,
            6.0
          ]
        },
        "down": {
          "texture": "#-1",
          "uv": [
            0.0,
            0.0,
            1.0,
            3.0
          ]
        }
      }
    },
    {
      "name": "Buch2",
      "from": [
        4.100000001490116,
        7.499999992549419,
        13.49999999254942
      ],
      "to": [
        5.100000001490116,
        11.400000005960464,
        15.49999999254942
      ],
      "rotation": {
        "origin": [
          8.0,
          8.0,
          8.0
        ],
        "axis": "z",
        "angle": 22.5
      },
      "faces": {
        "north": {
          "texture": "#2",
          "uv": [
            0.30000000000000004,
            0.30000000000000004,
            2.1,
            10.000000013411045
          ]
        },
        "east": {
          "texture": "#2",
          "uv": [
            0.0,
            0.0,
            11.299999999999999,
            16.000000013411046
          ]
        },
        "south": {
          "texture": "#2",
          "uv": [
            0.30000000000000004,
            0.30000000000000004,
            2.1,
            10.000000013411045
          ]
        },
        "west": {
          "texture": "#2",
          "uv": [
            0.0,
            0.0,
            11.399999999999999,
            16.0
          ]
        },
        "up": {
          "texture": "#2",
          "uv": [
            0.5,
            0.30000000000000004,
            1.8000000000000003,
            2.4
          ]
        },
        "down": {
          "texture": "#2",
          "uv": [
            0.2,
            0.2,
            1.2,
            2.2
          ]
        }
      }
    },
    {
      "name": "Cube",
      "from": [
        5.500000007450581,
        6.0,
        13.0
      ],
      "to": [
        6.500000007450581,
        9.50000000745058,
        16.0
      ],
      "faces": {
        "north": {
          "texture": "#-1",
          "uv": [
            0.0,
            0.0,
            1.0,
            3.5000000074505806
          ]
        },
        "east": {
          "texture": "#3",
          "uv": [
            0.0,
            0.0,
            10.599999999999998,
            16.000000007450573
          ]
        },
        "south": {
          "texture": "#3",
          "uv": [
            0.0,
            0.0,
            1.5000000000000004,
            9.50000000745058
          ]
        },
        "west": {
          "texture": "#3",
          "uv": [
            0.0,
            0.0,
            10.700000000000001,
            16.00000000745058
          ]
        },
        "up": {
          "texture": "#3",
          "uv": [
            0.0,
            0.0,
            1.0,
            7.0
          ]
        },
        "down": {
          "texture": "#3",
          "uv": [
            0.0,
            0.0,
            1.0,
            3.0
          ]
        }
      }
    },
    {
      "name": "Cube",
      "from": [
        6.5999999940395355,
        6.0,
        12.0
      ],
      "to": [
        8.0,
        9.50000000745058,
        15.0
      ],
      "faces": {
        "north": {
          "texture": "#4",
          "uv": [
            0.0,
            0.0,
            3.000000005960464,
            12.0
          ]
        },
        "east": {
          "texture": "#4",
          "uv": [
            2.0,
            0.0,
            10.700000000000001,
            15.700000007450582
          ]
        },
        "south": {
          "texture": "#4",
          "uv": [
            0.0,
            0.0,
            3.000000005960465,
            12.00000000745058
          ]
        },
        "west": {
          "texture": "#4",
          "uv": [
            2.0,
            0.0,
            10.999999999999996,
            15.700000007450578
          ]
        },
        "up": {
          "texture": "#4",
          "uv": [
            0.0,
            0.0,
            3.000000005960464,
            9.0
          ]
        },
        "down": {
          "texture": "#-1",
          "uv": [
            0.0,
            0.0,
            1.4000000059604645,
            3.0
          ]
        }
      }
    },
    {
      "name": "Cube",
      "from": [
        11.599999994039536,
        11.0,
        1.4000000059604645
      ],
      "to": [
        12.599999994039536,
        14.700000010430813,
        4.4000000059604645
      ],
      "rotation": {
        "origin": [
          8.0,
          8.0,
          8.0
        ],
        "axis": "y",
        "angle": 45.0
      },
      "faces": {
        "north": {
          "texture": "#5",
          "uv": [
            0.4,
            11.6,
            1.4,
            15.500000010430812
          ]
        },
        "east": {
          "texture": "#1",
          "uv": [
            0.0,
            0.0,
            11.700000000000001,
            16.0
          ]
        },
        "south": {
          "texture": "#5",
          "uv": [
            0.4,
            11.600000000000005,
            1.4,
            15.500000010430814
          ]
        },
        "west": {
          "texture": "#1",
          "uv": [
            0.0,
            0.0,
            11.700000000000001,
            16.000000010430814
          ]
        },
        "up": {
          "texture": "#5",
          "uv": [
            11.9,
            11.2,
            13.0,
            15.600000000000001
          ]
        },
        "down": {
          "texture": "#-1",
          "uv": [
            0.0,
            0.0,
            1.0,
            3.0
          ]
        }
      }
    },
    {
      "name": "Cube",
      "from": [
        1.900000013411045,
        7.200000002980232,
        11.0
      ],
      "to": [
        2.900000013411045,
        11.100000016391277,
        15.49999999254942
      ],
      "rotation": {
        "origin": [
          8.0,
          8.0,
          8.0
        ],
        "axis": "z",
        "angle": -45.0
      },
      "faces": {
        "north": {
          "texture": "#6",
          "uv": [
            1.0,
            0.0,
            6.0,
            16.0
          ]
        },
        "east": {
          "texture": "#6",
          "uv": [
            0.0,
            0.0,
            12.699999992549419,
            16.0
          ]
        },
        "south": {
          "texture": "#6",
          "uv": [
            1.0,
            0.0,
            6.0,
            16.0
          ]
        },
        "west": {
          "texture": "#6",
          "uv": [
            0.0,
            0.0,
            12.699999992549419,
            16.0
          ]
        },
        "up": {
          "texture": "#6",
          "uv": [
            0.0,
            0.0,
            2.0,
            9.49999999254942
          ]
        },
        "down": {
          "texture": "#6",
          "uv": [
            0.0,
            0.0,
            2.0,
            9.49999999254942
          ]
        }
      }
    },
    {
      "name": "Cube",
      "from": [
        13.899999983608723,
        11.0,
        10.799999997019768
      ],
      "to": [
        14.899999983608723,
        15.000000014901161,
        13.799999997019768
      ],
      "faces": {
        "north": {
          "texture": "#5",
          "uv": [
            10.1,
            6.4,
            11.1,
            10.200000014901162
          ]
        },
        "east": {
          "texture": "#2",
          "uv": [
            0.0,
            0.0,
            11.500000000000002,
            16.00000001490116
          ]
        },
        "south": {
          "texture": "#5",
          "uv": [
            10.1,
            6.399999999999999,
            11.1,
            10.20000001490116
          ]
        },
        "west": {
          "texture": "#2",
          "uv": [
            0.30000000000000004,
            0.1,
            11.3,
            15.10000001490116
          ]
        },
        "up": {
          "texture": "#-1",
          "uv": [
            0.0,
            0.0,
            1.0,
            3.0
          ]
        },
        "down": {
          "texture": "#-1",
          "uv": [
            0.0,
            0.0,
            1.0,
            3.0
          ]
        }
      }
    },
    {
      "name": "Cube",
      "from": [
        11.799999997019768,
        6.0,
        10.0
      ],
      "to": [
        15.799999997019768,
        9.899999998509884,
        11.0
      ],
      "faces": {
        "north": {
          "texture": "#3",
          "uv": [
            0.0,
            0.0,
            10.699999999999998,
            16.0
          ]
        },
        "east": {
          "texture": "#5",
          "uv": [
            14.500000000000002,
            0.7999999999999999,
            15.500000000000002,
            4.899999998509881
          ]
        },
        "south": {
          "texture": "#3",
          "uv": [
            0.0,
            0.0,
            10.7,
            16.0
          ]
        },
        "west": {
          "texture": "#5",
          "uv": [
            14.5,
            0.8,
            15.5,
            4.899999998509883
          ]
        },
        "up": {
          "texture": "#5",
          "uv": [
            14.5,
            0.8,
            15.5,
            4.8999999999999995
          ]
        },
        "down": {
          "texture": "#-1",
          "uv": [
            0.0,
            0.0,
            4.0,
            1.0
          ]
        }
      }
    },
    {
      "name": "Cube",
      "from": [
        6.199999988079071,
        1.0,
        10.799999997019768
      ],
      "to": [
        10.199999988079071,
        4.899999998509884,
        12.299999989569187
      ],
      "faces": {
        "north": {
          "texture": "#6",
          "uv": [
            0.0,
            0.0,
            12.700000000000001,
            16.0
          ]
        },
        "east": {
          "texture": "#5",
          "uv": [
            4.9,
            1.1,
            6.599999992549419,
            4.899999998509884
          ]
        },
        "south": {
          "texture": "#3",
          "uv": [
            0.0,
            0.0,
            10.9,
            16.0
          ]
        },
        "west": {
          "texture": "#5",
          "uv": [
            4.9,
            1.1,
            6.599999992549419,
            4.899999998509884
          ]
        },
        "up": {
          "texture": "#5",
          "uv": [
            5.9,
            1.1,
            7.600000000000001,
            4.899999992549418
          ],
          "rotation": 90
        },
        "down": {
          "texture": "#-1",
          "uv": [
            0.0,
            0.0,
            4.0,
            1.4999999925494194
          ]
        }
      }
    },
    {
      "name": "Cube",
      "from": [
        0.19999998807907104,
        1.0,
        9.69999998062849
      ],
      "to": [
        4.199999988079071,
        5.0,
        11.19999997317791
      ],
      "faces": {
        "north": {
          "texture": "#1",
          "uv": [
            0.0,
            0.0,
            11.0,
            16.0
          ]
        },
        "east": {
          "texture": "#7",
          "uv": [
            3.0,
            4.0,
            6.499999992549419,
            11.0
          ]
        },
        "south": {
          "texture": "#1",
          "uv": [
            0.0,
            0.0,
            11.2,
            16.0
          ]
        },
        "west": {
          "texture": "#7",
          "uv": [
            3.0,
            4.0,
            6.5,
            11.0
          ]
        },
        "up": {
          "texture": "#-1",
          "uv": [
            0.0,
            0.0,
            4.0,
            1.4999999925494194
          ]
        },
        "down": {
          "texture": "#-1",
          "uv": [
            0.0,
            0.0,
            4.0,
            1.4999999925494194
          ]
        }
      }
    },
    {
      "name": "Cube",
      "from": [
        5.5999999940395355,
        1.0,
        1.4000000059604645
      ],
      "to": [
        6.799999997019768,
        4.899999998509884,
        5.4000000059604645
      ],
      "rotation": {
        "origin": [
          8.0,
          8.0,
          8.0
        ],
        "axis": "y",
        "angle": -22.5
      },
      "faces": {
        "north": {
          "texture": "#3",
          "uv": [
            0.0,
            0.0,
            1.900000002980232,
            10.999999998509884
          ]
        },
        "east": {
          "texture": "#3",
          "uv": [
            0.0,
            0.0,
            10.8,
            16.0
          ]
        },
        "south": {
          "texture": "#3",
          "uv": [
            0.0,
            0.0,
            1.9000000029802329,
            11.0
          ]
        },
        "west": {
          "texture": "#3",
          "uv": [
            0.0,
            0.0,
            10.8,
            15.999999998509884
          ]
        },
        "up": {
          "texture": "#3",
          "uv": [
            0.0,
            0.0,
            1.2000000029802322,
            4.0
          ]
        },
        "down": {
          "texture": "#3",
          "uv": [
            0.0,
            0.0,
            1.2000000029802322,
            4.0
          ]
        }
      }
    },
    {
      "name": "Cube",
      "from": [
        5.0,
        1.0,
        5.0
      ],
      "to": [
        10.899999998509884,
        15.0,
        10.600000008940697
      ],
      "faces": {
        "north": {
          "texture": "#5",
          "uv": [
            1.0,
            0.40000000000000013,
            5.899999998509884,
            15.599999999999989
          ]
        },
        "east": {
          "texture": "#5",
          "uv": [
            9.600000000000001,
            0.4,
            15.200000008940698,
            15.4
          ]
        },
        "south": {
          "texture": "#5",
          "uv": [
            7.0,
            0.40000000000000013,
            12.899999998509884,
            15.399999999999997
          ]
        },
        "west": {
          "texture": "#5",
          "uv": [
            4.0,
            0.4,
            8.900000008940696,
            15.600000000000001
          ]
        },
        "up": {
          "texture": "#5",
          "uv": [
            0.0,
            0.0,
            4.899999998509884,
            5.600000008940697
          ]
        },
        "down": {
          "texture": "#5",
          "uv": [
            0.0,
            0.0,
            5.899999998509884,
            5.600000008940697
          ]
        }
      }
    },
    {
      "name": "Cube",
      "from": [
        11.0,
        3.0,
        5.0
      ],
      "to": [
        15.899999998509884,
        4.200000002980232,
        9.0
      ],
      "faces": {
        "north": {
          "texture": "#5",
          "uv": [
            3.1,
            1.2,
            2.099999998509884,
            4.800000002980234
          ],
          "rotation": 90
        },
        "east": {
          "texture": "#5",
          "uv": [
            2.2,
            0.30000000000000004,
            3.000000000000001,
            4.800000002980232
          ],
          "rotation": 90
        },
        "south": {
          "texture": "#5",
          "uv": [
            3.1,
            1.2000000000000002,
            2.0999999985098836,
            4.800000002980231
          ],
          "rotation": 90
        },
        "west": {
          "texture": "#5",
          "uv": [
            2.2,
            0.30000000000000016,
            3.0,
            4.800000002980234
          ],
          "rotation": 90
        },
        "up": {
          "texture": "#1",
          "uv": [
            0.0,
            0.0,
            11.699999998509885,
            16.0
          ],
          "rotation": 90
        },
        "down": {
          "texture": "#1",
          "uv": [
            0.0,
            0.0,
            4.899999998509884,
            4.0
          ]
        }
      }
    },
    {
      "name": "Cube",
      "from": [
        1.8999999836087227,
        11.0,
        7.800000011920929
      ],
      "to": [
        3.899999998509884,
        14.899999998509884,
        11.800000011920929
      ],
      "rotation": {
        "origin": [
          8.0,
          8.0,
          8.0
        ],
        "axis": "y",
        "angle": -45.0
      },
      "faces": {
        "north": {
          "texture": "#5",
          "uv": [
            3.0000000000000004,
            0.7000000000000001,
            5.000000014901161,
            4.599999998509884
          ]
        },
        "east": {
          "texture": "#4",
          "uv": [
            0.0,
            6.0,
            10.700000000000001,
            15.999999998509884
          ]
        },
        "south": {
          "texture": "#5",
          "uv": [
            3.0,
            0.7,
            5.000000014901161,
            4.599999998509884
          ]
        },
        "west": {
          "texture": "#4",
          "uv": [
            0.0,
            0.0,
            10.700000000000001,
            10.999999998509884
          ]
        },
        "up": {
          "texture": "#5",
          "uv": [
            2.0,
            0.4,
            4.000000014901161,
            4.4
          ]
        },
        "down": {
          "texture": "#-1",
          "uv": [
            0.0,
            0.0,
            2.000000014901161,
            4.0
          ]
        }
      }
    },
    {
      "name": "Cube",
      "from": [
        0.6999999955296516,
        11.0,
        8.799999997019768
      ],
      "to": [
        3.899999998509884,
        14.899999998509884,
        9.899999998509884
      ],
      "faces": {
        "north": {
          "texture": "#1",
          "uv": [
            0.0,
            0.0,
            11.70000000298023,
            15.999999998509884
          ]
        },
        "east": {
          "texture": "#5",
          "uv": [
            0.5,
            1.1,
            1.400000001490116,
            4.899999998509884
          ]
        },
        "south": {
          "texture": "#1",
          "uv": [
            0.0,
            0.0,
            11.800000002980234,
            15.999999998509884
          ]
        },
        "west": {
          "texture": "#5",
          "uv": [
            0.5,
            1.0999999999999999,
            1.4000000014901164,
            4.899999998509881
          ]
        },
        "up": {
          "texture": "#5",
          "uv": [
            0.0,
            0.0,
            3.2000000029802322,
            1.1000000014901161
          ]
        },
        "down": {
          "texture": "#-1",
          "uv": [
            0.0,
            0.0,
            3.2000000029802322,
            1.1000000014901161
          ]
        }
      }
    },
    {
      "name": "Cube",
      "from": [
        12.799999997019768,
        -0.10000001639127731,
        9.399999991059303
      ],
      "to": [
        16.0,
        3.7999999821186066,
        10.49999999254942
      ],
      "rotation": {
        "origin": [
          8.0,
          8.0,
          8.0
        ],
        "axis": "x",
        "angle": -22.5
      },
      "faces": {
        "north": {
          "texture": "#2",
          "uv": [
            0.0,
            0.0,
            11.500000002980235,
            16.0
          ]
        },
        "east": {
          "texture": "#5",
          "uv": [
            12.599999999999998,
            0.6,
            13.800000001490114,
            4.7999999985098825
          ]
        },
        "south": {
          "texture": "#2",
          "uv": [
            0.30000000000000004,
            0.0,
            11.500000002980231,
            15.999999998509884
          ]
        },
        "west": {
          "texture": "#5",
          "uv": [
            12.8,
            0.6,
            13.800000001490117,
            4.7999999985098825
          ]
        },
        "up": {
          "texture": "#2",
          "uv": [
            4.0,
            0.0,
            0.20000000298023224,
            1.1000000014901161
          ]
        },
        "down": {
          "texture": "#2",
          "uv": [
            5.0,
            3.0,
            8.200000002980232,
            12.900000001490117
          ],
          "rotation": 90
        }
      }
    },
    {
      "name": "Cube",
      "from": [
        2.0,
        1.0,
        11.300000004470348
      ],
      "to": [
        5.200000002980232,
        5.0,
        13.000000014901161
      ],
      "rotation": {
        "origin": [
          8.0,
          8.0,
          8.0
        ],
        "axis": "y",
        "angle": 45.0
      },
      "faces": {
        "north": {
          "texture": "#3",
          "uv": [
            0.0,
            0.0,
            10.80000000298023,
            16.0
          ]
        },
        "east": {
          "texture": "#5",
          "uv": [
            15.5,
            6.5,
            13.700000010430811,
            10.200000000000001
          ]
        },
        "south": {
          "texture": "#3",
          "uv": [
            0.0,
            0.0,
            10.70000000298023,
            16.0
          ]
        },
        "west": {
          "texture": "#5",
          "uv": [
            15.499999999999998,
            6.499999999999997,
            13.700000010430813,
            10.200000000000003
          ]
        },
        "up": {
          "texture": "#3",
          "uv": [
            0.0,
            -2.2,
            11.000000002980233,
            2.700000010430813
          ]
        },
        "down": {
          "texture": "#3",
          "uv": [
            0.0,
            0.0,
            10.800000002980234,
            4.700000010430813
          ]
        }
      }
    },
    {
      "name": "Cube",
      "from": [
        11.699999995529652,
        1.0,
        11.999999985098839
      ],
      "to": [
        15.899999998509884,
        4.899999998509884,
        13.099999986588955
      ],
      "rotation": {
        "origin": [
          8.0,
          8.0,
          8.0
        ],
        "axis": "y",
        "angle": -22.5
      },
      "faces": {
        "north": {
          "texture": "#4",
          "uv": [
            0.0,
            0.0,
            10.70000000298023,
            10.999999998509884
          ]
        },
        "east": {
          "texture": "#5",
          "uv": [
            6.7,
            1.1,
            5.8,
            4.8
          ]
        },
        "south": {
          "texture": "#4",
          "uv": [
            0.0,
            0.0,
            10.700000002980234,
            10.999999998509884
          ]
        },
        "west": {
          "texture": "#5",
          "uv": [
            6.700000000000001,
            1.0999999999999999,
            5.800000001490115,
            4.799999998509884
          ]
        },
        "up": {
          "texture": "#4",
          "uv": [
            0.0,
            0.0,
            4.200000002980232,
            1.1000000014901161
          ]
        },
        "down": {
          "texture": "#-1",
          "uv": [
            0.0,
            0.0,
            4.200000002980232,
            1.1000000014901161
          ]
        }
      }
    },
    {
      "name": "Cube",
      "from": [
        2.0,
        11.0,
        10.099999971687794
      ],
      "to": [
        3.2000000029802322,
        14.899999998509884,
        14.099999971687794
      ],
      "faces": {
        "north": {
          "texture": "#3",
          "uv": [
            0.0,
            0.0,
            1.900000002980232,
            10.999999998509884
          ]
        },
        "east": {
          "texture": "#3",
          "uv": [
            0.0,
            0.0,
            10.8,
            16.0
          ]
        },
        "south": {
          "texture": "#3",
          "uv": [
            0.0,
            0.0,
            1.9000000029802329,
            11.0
          ]
        },
        "west": {
          "texture": "#3",
          "uv": [
            0.0,
            0.0,
            10.8,
            15.999999998509884
          ]
        },
        "up": {
          "texture": "#3",
          "uv": [
            0.0,
            0.0,
            1.2000000029802322,
            4.0
          ]
        },
        "down": {
          "texture": "#3",
          "uv": [
            0.0,
            0.0,
            1.2000000029802322,
            4.0
          ]
        }
      }
    },
    {
      "name": "Cube",
      "from": [
        5.0,
        11.0,
        11.0
      ],
      "to": [
        9.899999998509884,
        12.200000002980232,
        15.0
      ],
      "faces": {
        "north": {
          "texture": "#5",
          "uv": [
            3.1,
            1.2,
            2.099999998509884,
            4.800000002980234
          ],
          "rotation": 90
        },
        "east": {
          "texture": "#5",
          "uv": [
            2.2,
            0.4,
            3.000000000000001,
            4.800000002980232
          ],
          "rotation": 90
        },
        "south": {
          "texture": "#5",
          "uv": [
            3.1,
            1.2000000000000002,
            2.0999999985098836,
            4.800000002980231
          ],
          "rotation": 90
        },
        "west": {
          "texture": "#5",
          "uv": [
            2.2,
            0.40000000000000013,
            3.0,
            4.800000002980234
          ],
          "rotation": 90
        },
        "up": {
          "texture": "#1",
          "uv": [
            0.0,
            0.0,
            11.699999998509885,
            16.0
          ]
        },
        "down": {
          "texture": "#1",
          "uv": [
            0.0,
            0.0,
            4.899999998509884,
            4.0
          ]
        }
      }
    },
    {
      "name": "Cube",
      "from": [
        1.0,
        4.899999998509884,
        8.299999989569187
      ],
      "to": [
        4.200000002980232,
        8.899999998509884,
        10.0
      ],
      "rotation": {
        "origin": [
          8.0,
          8.0,
          8.0
        ],
        "axis": "x",
        "angle": -45.0
      },
      "faces": {
        "north": {
          "texture": "#3",
          "uv": [
            0.0,
            0.0,
            10.80000000298023,
            16.0
          ]
        },
        "east": {
          "texture": "#5",
          "uv": [
            0.0,
            0.0,
            1.7000000104308128,
            4.0
          ]
        },
        "south": {
          "texture": "#3",
          "uv": [
            0.0,
            0.0,
            10.70000000298023,
            16.0
          ]
        },
        "west": {
          "texture": "#5",
          "uv": [
            15.499999999999998,
            6.499999999999997,
            13.700000010430813,
            10.200000000000003
          ]
        },
        "up": {
          "texture": "#3",
          "uv": [
            0.0,
            -2.2,
            11.000000002980233,
            2.700000010430813
          ]
        },
        "down": {
          "texture": "#3",
          "uv": [
            0.0,
            0.0,
            10.800000002980234,
            4.700000010430813
          ]
        }
      }
    },
    {
      "name": "Cube",
      "from": [
        10.599999979138374,
        11.0,
        0.0
      ],
      "to": [
        11.599999979138374,
        15.000000014901161,
        3.0
      ],
      "faces": {
        "north": {
          "texture": "#5",
          "uv": [
            10.1,
            6.4,
            11.1,
            10.200000014901162
          ]
        },
        "east": {
          "texture": "#2",
          "uv": [
            0.0,
            0.0,
            11.500000000000002,
            16.00000001490116
          ]
        },
        "south": {
          "texture": "#5",
          "uv": [
            10.1,
            6.399999999999999,
            11.1,
            10.20000001490116
          ]
        },
        "west": {
          "texture": "#2",
          "uv": [
            0.30000000000000004,
            0.1,
            11.3,
            15.10000001490116
          ]
        },
        "up": {
          "texture": "#-1",
          "uv": [
            0.0,
            0.0,
            1.0,
            3.0
          ]
        },
        "down": {
          "texture": "#5",
          "uv": [
            0.0,
            0.0,
            1.0,
            3.0
          ]
        }
      }
    },
    {
      "name": "Cube",
      "from": [
        2.8999999836087227,
        6.0,
        0.800000011920929
      ],
      "to": [
        4.899999998509884,
        9.899999998509884,
        4.800000011920929
      ],
      "faces": {
        "north": {
          "texture": "#5",
          "uv": [
            3.0000000000000004,
            0.7000000000000001,
            5.000000014901161,
            4.599999998509884
          ]
        },
        "east": {
          "texture": "#4",
          "uv": [
            0.0,
            6.0,
            10.700000000000001,
            15.999999998509884
          ]
        },
        "south": {
          "texture": "#5",
          "uv": [
            3.0,
            1.0,
            5.000000014901161,
            4.899999998509884
          ]
        },
        "west": {
          "texture": "#4",
          "uv": [
            0.0,
            0.0,
            10.700000000000001,
            10.999999998509884
          ]
        },
        "up": {
          "texture": "#5",
          "uv": [
            2.0,
            0.4,
            4.000000014901161,
            4.4
          ]
        },
        "down": {
          "texture": "#-1",
          "uv": [
            0.0,
            0.0,
            2.000000014901161,
            4.0
          ]
        }
      }
    },
    {
      "name": "Cube",
      "from": [
        2.5999999940395355,
        -1.3000000044703484,
        11.799999997019768
      ],
      "to": [
        5.799999997019768,
        2.5999999940395355,
        12.899999998509884
      ],
      "rotation": {
        "origin": [
          8.0,
          8.0,
          8.0
        ],
        "axis": "x",
        "angle": -22.5
      },
      "faces": {
        "north": {
          "texture": "#2",
          "uv": [
            0.0,
            0.0,
            11.500000002980235,
            16.0
          ]
        },
        "east": {
          "texture": "#5",
          "uv": [
            12.599999999999998,
            0.6,
            13.800000001490114,
            4.7999999985098825
          ]
        },
        "south": {
          "texture": "#2",
          "uv": [
            0.30000000000000004,
            0.0,
            11.500000002980231,
            15.999999998509884
          ]
        },
        "west": {
          "texture": "#5",
          "uv": [
            12.8,
            0.6,
            13.800000001490117,
            4.7999999985098825
          ]
        },
        "up": {
          "texture": "#2",
          "uv": [
            4.0,
            0.0,
            0.20000000298023224,
            1.1000000014901161
          ]
        },
        "down": {
          "texture": "#2",
          "uv": [
            5.0,
            3.0,
            8.200000002980232,
            12.900000001490117
          ]
        }
      }
    },
    {
      "name": "Cube",
      "from": [
        0.8999999836087227,
        6.0,
        11.799999997019768
      ],
      "to": [
        5.099999986588955,
        9.899999998509884,
        12.899999998509884
      ],
      "faces": {
        "north": {
          "texture": "#4",
          "uv": [
            0.0,
            0.0,
            10.70000000298023,
            10.999999998509884
          ]
        },
        "east": {
          "texture": "#4",
          "uv": [
            3.0,
            0.0,
            6.100000001490116,
            15.999999998509884
          ]
        },
        "south": {
          "texture": "#4",
          "uv": [
            0.0,
            0.0,
            10.700000002980234,
            10.999999998509884
          ]
        },
        "west": {
          "texture": "#5",
          "uv": [
            6.700000000000001,
            1.0999999999999999,
            5.800000001490115,
            4.799999998509884
          ]
        },
        "up": {
          "texture": "#4",
          "uv": [
            0.0,
            0.0,
            4.200000002980232,
            1.1000000014901161
          ]
        },
        "down": {
          "texture": "#-1",
          "uv": [
            0.0,
            0.0,
            4.200000002980232,
            1.1000000014901161
          ]
        }
      }
    },
    {
      "name": "Cube",
      "from": [
        2.0,
        11.0,
        0.0
      ],
      "to": [
        3.2000000029802322,
        14.899999998509884,
        4.0
      ],
      "faces": {
        "north": {
          "texture": "#3",
          "uv": [
            0.0,
            0.0,
            1.900000002980232,
            10.999999998509884
          ]
        },
        "east": {
          "texture": "#3",
          "uv": [
            0.0,
            0.0,
            10.8,
            16.0
          ]
        },
        "south": {
          "texture": "#3",
          "uv": [
            0.0,
            0.0,
            1.9000000029802329,
            11.0
          ]
        },
        "west": {
          "texture": "#3",
          "uv": [
            0.0,
            0.0,
            10.8,
            15.999999998509884
          ]
        },
        "up": {
          "texture": "#3",
          "uv": [
            0.0,
            0.0,
            1.2000000029802322,
            4.0
          ]
        },
        "down": {
          "texture": "#3",
          "uv": [
            0.0,
            0.0,
            1.2000000029802322,
            4.0
          ]
        }
      }
    },
    {
      "name": "Cube",
      "from": [
        12.000000014901161,
        2.500000022351742,
        1.0
      ],
      "to": [
        13.000000014901161,
        6.400000035762787,
        5.499999992549419
      ],
      "rotation": {
        "origin": [
          8.0,
          8.0,
          8.0
        ],
        "axis": "z",
        "angle": -22.5
      },
      "faces": {
        "north": {
          "texture": "#6",
          "uv": [
            1.0,
            0.0,
            4.0,
            16.0
          ]
        },
        "east": {
          "texture": "#6",
          "uv": [
            0.0,
            0.0,
            12.699999992549419,
            16.0
          ]
        },
        "south": {
          "texture": "#6",
          "uv": [
            1.0,
            0.0,
            4.0,
            16.0
          ]
        },
        "west": {
          "texture": "#6",
          "uv": [
            0.0,
            0.0,
            12.699999992549419,
            16.0
          ]
        },
        "up": {
          "texture": "#6",
          "uv": [
            0.0,
            0.0,
            2.0,
            9.49999999254942
          ]
        },
        "down": {
          "texture": "#6",
          "uv": [
            0.0,
            0.0,
            2.0,
            9.49999999254942
          ]
        }
      }
    },
    {
      "name": "Cube",
      "from": [
        11.69999998062849,
        11.0,
        2.800000011920929
      ],
      "to": [
        13.699999995529652,
        14.899999998509884,
        6.800000011920929
      ],
      "rotation": {
        "origin": [
          8.0,
          8.0,
          8.0
        ],
        "axis": "y",
        "angle": -45.0
      },
      "faces": {
        "north": {
          "texture": "#5",
          "uv": [
            3.0000000000000004,
            0.7000000000000001,
            5.000000014901161,
            4.599999998509884
          ]
        },
        "east": {
          "texture": "#4",
          "uv": [
            0.0,
            6.0,
            10.700000000000001,
            15.999999998509884
          ]
        },
        "south": {
          "texture": "#5",
          "uv": [
            3.0,
            0.7,
            5.000000014901161,
            4.599999998509884
          ]
        },
        "west": {
          "texture": "#4",
          "uv": [
            0.0,
            0.0,
            10.700000000000001,
            10.999999998509884
          ]
        },
        "up": {
          "texture": "#5",
          "uv": [
            2.0,
            0.4,
            4.000000014901161,
            4.4
          ]
        },
        "down": {
          "texture": "#-1",
          "uv": [
            0.0,
            0.0,
            2.000000014901161,
            4.0
          ]
        }
      }
    },
    {
      "name": "Cube",
      "from": [
        0.09999998658895493,
        6.0,
        4.799999997019768
      ],
      "to": [
        3.299999989569187,
        9.899999998509884,
        5.899999998509884
      ],
      "faces": {
        "north": {
          "texture": "#1",
          "uv": [
            0.0,
            0.0,
            11.70000000298023,
            15.999999998509884
          ]
        },
        "east": {
          "texture": "#5",
          "uv": [
            0.5,
            1.1,
            1.400000001490116,
            4.899999998509884
          ]
        },
        "south": {
          "texture": "#1",
          "uv": [
            0.0,
            0.0,
            11.800000002980234,
            15.999999998509884
          ]
        },
        "west": {
          "texture": "#5",
          "uv": [
            0.5,
            1.0999999999999999,
            1.4000000014901164,
            4.899999998509881
          ]
        },
        "up": {
          "texture": "#5",
          "uv": [
            0.0,
            0.0,
            3.2000000029802322,
            1.1000000014901161
          ]
        },
        "down": {
          "texture": "#-1",
          "uv": [
            0.0,
            0.0,
            3.2000000029802322,
            1.1000000014901161
          ]
        }
      }
    },
    {
      "name": "Cube",
      "from": [
        12.899999983608723,
        6.0,
        12.0
      ],
      "to": [
        13.899999983608723,
        10.000000014901161,
        15.0
      ],
      "faces": {
        "north": {
          "texture": "#5",
          "uv": [
            10.1,
            6.4,
            11.1,
            10.200000014901162
          ]
        },
        "east": {
          "texture": "#2",
          "uv": [
            0.0,
            0.0,
            11.500000000000002,
            16.00000001490116
          ]
        },
        "south": {
          "texture": "#5",
          "uv": [
            10.1,
            6.399999999999999,
            11.1,
            10.20000001490116
          ]
        },
        "west": {
          "texture": "#2",
          "uv": [
            0.30000000000000004,
            0.1,
            11.3,
            15.10000001490116
          ]
        },
        "up": {
          "texture": "#-1",
          "uv": [
            0.0,
            0.0,
            1.0,
            3.0
          ]
        },
        "down": {
          "texture": "#-1",
          "uv": [
            0.0,
            0.0,
            1.0,
            3.0
          ]
        }
      }
    },
    {
      "name": "Cube",
      "from": [
        8.599999994039536,
        6.0,
        11.0
      ],
      "to": [
        9.599999994039536,
        9.700000010430813,
        14.0
      ],
      "faces": {
        "north": {
          "texture": "#5",
          "uv": [
            0.4,
            11.599999999999998,
            1.4000000000000004,
            15.500000010430814
          ]
        },
        "east": {
          "texture": "#1",
          "uv": [
            0.0,
            0.0,
            11.700000000000001,
            16.0
          ]
        },
        "south": {
          "texture": "#5",
          "uv": [
            0.4,
            11.600000000000005,
            1.4,
            15.500000010430814
          ]
        },
        "west": {
          "texture": "#1",
          "uv": [
            0.0,
            0.0,
            11.700000000000001,
            16.000000010430814
          ]
        },
        "up": {
          "texture": "#5",
          "uv": [
            11.9,
            11.2,
            13.0,
            15.600000000000001
          ]
        },
        "down": {
          "texture": "#-1",
          "uv": [
            0.0,
            0.0,
            1.0,
            3.0
          ]
        }
      }
    },
    {
      "name": "Cube",
      "from": [
        10.599999979138374,
        11.0,
        0.0
      ],
      "to": [
        11.599999979138374,
        15.000000014901161,
        3.0
      ],
      "faces": {
        "north": {
          "texture": "#5",
          "uv": [
            10.1,
            6.4,
            11.1,
            10.200000014901162
          ]
        },
        "east": {
          "texture": "#2",
          "uv": [
            0.0,
            0.0,
            11.500000000000002,
            16.00000001490116
          ]
        },
        "south": {
          "texture": "#5",
          "uv": [
            10.1,
            6.399999999999999,
            11.1,
            10.20000001490116
          ]
        },
        "west": {
          "texture": "#2",
          "uv": [
            0.30000000000000004,
            0.1,
            11.3,
            15.10000001490116
          ]
        },
        "up": {
          "texture": "#-1",
          "uv": [
            0.0,
            0.0,
            1.0,
            3.0
          ]
        },
        "down": {
          "texture": "#5",
          "uv": [
            0.0,
            0.0,
            1.0,
            3.0
          ]
        }
      }
    },
    {
      "name": "Cube",
      "from": [
        7.999999985098839,
        11.0,
        2.999999985098839
      ],
      "to": [
        12.199999988079071,
        14.899999998509884,
        4.099999986588955
      ],
      "rotation": {
        "origin": [
          8.0,
          8.0,
          8.0
        ],
        "axis": "y",
        "angle": -22.5
      },
      "faces": {
        "north": {
          "texture": "#4",
          "uv": [
            0.0,
            0.0,
            10.70000000298023,
            10.999999998509884
          ]
        },
        "east": {
          "texture": "#5",
          "uv": [
            6.7,
            1.1,
            5.8,
            4.8
          ]
        },
        "south": {
          "texture": "#4",
          "uv": [
            0.0,
            0.0,
            10.700000002980234,
            10.999999998509884
          ]
        },
        "west": {
          "texture": "#5",
          "uv": [
            6.700000000000001,
            1.0999999999999999,
            5.800000001490115,
            4.799999998509884
          ]
        },
        "up": {
          "texture": "#4",
          "uv": [
            0.0,
            0.0,
            4.200000002980232,
            1.1000000014901161
          ]
        },
        "down": {
          "texture": "#-1",
          "uv": [
            0.0,
            0.0,
            4.200000002980232,
            1.1000000014901161
          ]
        }
      }
    },
    {
      "name": "Cube",
      "from": [
        11.699999995529652,
        6.300000004470348,
        7.799999997019768
      ],
      "to": [
        15.699999995529652,
        10.0,
        9.200000002980232
      ],
      "rotation": {
        "origin": [
          8.0,
          8.0,
          8.0
        ],
        "axis": "x",
        "angle": 22.5
      },
      "faces": {
        "north": {
          "texture": "#4",
          "uv": [
            0.0,
            0.0,
            10.700000000000001,
            16.0
          ]
        },
        "east": {
          "texture": "#5",
          "uv": [
            11.9,
            0.7000000000000001,
            13.700000005960463,
            4.799999995529651
          ]
        },
        "south": {
          "texture": "#1",
          "uv": [
            0.0,
            0.0,
            11.700000000000001,
            16.0
          ]
        },
        "west": {
          "texture": "#5",
          "uv": [
            3.0,
            1.0,
            4.4000000059604645,
            4.699999995529652
          ]
        },
        "up": {
          "texture": "#5",
          "uv": [
            10.9,
            0.7,
            12.700000000000001,
            4.800000005960466
          ]
        },
        "down": {
          "texture": "#5",
          "uv": [
            11.9,
            0.7,
            13.700000000000001,
            4.800000005960462
          ]
        }
      }
    },
    {
      "name": "Cube",
      "from": [
        5.0,
        6.0,
        1.0
      ],
      "to": [
        9.899999998509884,
        7.200000002980232,
        5.0
      ],
      "faces": {
        "north": {
          "texture": "#5",
          "uv": [
            3.1,
            1.2,
            2.099999998509884,
            4.800000002980234
          ],
          "rotation": 90
        },
        "east": {
          "texture": "#5",
          "uv": [
            2.2,
            0.30000000000000004,
            3.000000000000001,
            4.800000002980232
          ]
        },
        "south": {
          "texture": "#5",
          "uv": [
            3.1,
            1.2000000000000002,
            2.0999999985098836,
            4.800000002980231
          ]
        },
        "west": {
          "texture": "#5",
          "uv": [
            2.2,
            0.30000000000000016,
            3.0,
            4.800000002980234
          ]
        },
        "up": {
          "texture": "#1",
          "uv": [
            0.0,
            0.0,
            11.699999998509885,
            16.0
          ]
        },
        "down": {
          "texture": "#1",
          "uv": [
            0.0,
            0.0,
            4.899999998509884,
            4.0
          ]
        }
      }
    },
    {
      "name": "Cube",
      "from": [
        11.0,
        1.0,
        8.0
      ],
      "to": [
        15.899999998509884,
        2.2000000029802322,
        12.0
      ],
      "faces": {
        "north": {
          "texture": "#5",
          "uv": [
            3.1,
            1.2,
            2.099999998509884,
            4.800000002980234
          ],
          "rotation": 90
        },
        "east": {
          "texture": "#5",
          "uv": [
            2.2,
            0.30000000000000004,
            3.000000000000001,
            4.800000002980232
          ],
          "rotation": 90
        },
        "south": {
          "texture": "#5",
          "uv": [
            3.1,
            1.2000000000000002,
            2.0999999985098836,
            4.800000002980231
          ],
          "rotation": 90
        },
        "west": {
          "texture": "#5",
          "uv": [
            2.2,
            0.30000000000000016,
            3.0,
            4.800000002980234
          ]
        },
        "up": {
          "texture": "#1",
          "uv": [
            0.0,
            0.0,
            11.699999998509885,
            16.0
          ]
        },
        "down": {
          "texture": "#1",
          "uv": [
            0.0,
            0.0,
            4.899999998509884,
            4.0
          ]
        }
      }
    },
    {
      "name": "Cube",
      "from": [
        11.0,
        2.0,
        7.0
      ],
      "to": [
        15.899999998509884,
        3.2000000029802322,
        11.0
      ],
      "faces": {
        "north": {
          "texture": "#5",
          "uv": [
            3.1,
            1.2,
            2.099999998509884,
            4.800000002980234
          ],
          "rotation": 90
        },
        "east": {
          "texture": "#5",
          "uv": [
            2.2,
            0.30000000000000004,
            3.000000000000001,
            4.800000002980232
          ],
          "rotation": 90
        },
        "south": {
          "texture": "#5",
          "uv": [
            3.1,
            1.2000000000000002,
            2.0999999985098836,
            4.800000002980231
          ],
          "rotation": 90
        },
        "west": {
          "texture": "#5",
          "uv": [
            2.2,
            0.30000000000000016,
            3.0,
            4.800000002980234
          ]
        },
        "up": {
          "texture": "#1",
          "uv": [
            0.0,
            0.0,
            11.699999998509885,
            16.0
          ]
        },
        "down": {
          "texture": "#1",
          "uv": [
            0.0,
            0.0,
            4.899999998509884,
            4.0
          ]
        }
      }
    },
    {
      "name": "Cube",
      "from": [
        12.0,
        5.200000002980232,
        0.6999999806284904
      ],
      "to": [
        15.200000002980232,
        9.200000002980232,
        2.3999999910593033
      ],
      "rotation": {
        "origin": [
          8.0,
          8.0,
          8.0
        ],
        "axis": "x",
        "angle": -45.0
      },
      "faces": {
        "north": {
          "texture": "#3",
          "uv": [
            0.0,
            0.0,
            10.80000000298023,
            16.0
          ]
        },
        "east": {
          "texture": "#5",
          "uv": [
            15.5,
            6.5,
            13.700000010430815,
            10.200000000000001
          ]
        },
        "south": {
          "texture": "#3",
          "uv": [
            0.0,
            0.0,
            10.70000000298023,
            16.0
          ]
        },
        "west": {
          "texture": "#5",
          "uv": [
            15.499999999999998,
            6.499999999999997,
            13.700000010430813,
            10.200000000000003
          ]
        },
        "up": {
          "texture": "#3",
          "uv": [
            0.0,
            -2.2,
            11.000000002980233,
            2.700000010430813
          ]
        },
        "down": {
          "texture": "#3",
          "uv": [
            0.0,
            0.0,
            10.800000002980234,
            4.700000010430813
          ]
        }
      }
    },
    {
      "name": "Cube",
      "from": [
        -1.4901161193847656E-8,
        1.0,
        5.999999985098839
      ],
      "to": [
        4.199999988079071,
        4.899999998509884,
        7.099999986588955
      ],
      "rotation": {
        "origin": [
          8.0,
          8.0,
          8.0
        ],
        "axis": "y",
        "angle": -45.0
      },
      "faces": {
        "north": {
          "texture": "#4",
          "uv": [
            0.0,
            0.0,
            10.70000000298023,
            10.999999998509884
          ]
        },
        "east": {
          "texture": "#5",
          "uv": [
            6.7,
            1.1,
            5.8,
            4.8
          ]
        },
        "south": {
          "texture": "#4",
          "uv": [
            0.0,
            0.0,
            10.700000002980234,
            10.999999998509884
          ]
        },
        "west": {
          "texture": "#5",
          "uv": [
            6.700000000000001,
            1.0999999999999999,
            5.800000001490115,
            4.799999998509884
          ]
        },
        "up": {
          "texture": "#4",
          "uv": [
            0.0,
            0.0,
            4.200000002980232,
            1.1000000014901161
          ]
        },
        "down": {
          "texture": "#-1",
          "uv": [
            0.0,
            0.0,
            4.200000002980232,
            1.1000000014901161
          ]
        }
      }
    },
    {
      "name": "Cube",
      "from": [
        6.0,
        10.899999998509884,
        13.299999989569187
      ],
      "to": [
        9.200000002980232,
        14.899999998509884,
        15.0
      ],
      "rotation": {
        "origin": [
          8.0,
          8.0,
          8.0
        ],
        "axis": "y",
        "angle": 45.0
      },
      "faces": {
        "north": {
          "texture": "#3",
          "uv": [
            0.0,
            0.0,
            10.80000000298023,
            16.0
          ]
        },
        "east": {
          "texture": "#5",
          "uv": [
            15.5,
            6.5,
            13.700000010430811,
            10.200000000000001
          ]
        },
        "south": {
          "texture": "#3",
          "uv": [
            0.0,
            0.0,
            10.70000000298023,
            16.0
          ]
        },
        "west": {
          "texture": "#5",
          "uv": [
            15.499999999999998,
            6.499999999999997,
            13.700000010430813,
            10.200000000000003
          ]
        },
        "up": {
          "texture": "#3",
          "uv": [
            0.0,
            -2.2,
            11.000000002980233,
            2.700000010430813
          ]
        },
        "down": {
          "texture": "#3",
          "uv": [
            0.0,
            0.0,
            10.800000002980234,
            4.700000010430813
          ]
        }
      }
    },
    {
      "name": "Cube",
      "from": [
        6.199999988079071,
        11.0,
        -0.9000000134110451
      ],
      "to": [
        10.199999988079071,
        15.0,
        0.5999999791383743
      ],
      "rotation": {
        "origin": [
          8.0,
          8.0,
          8.0
        ],
        "axis": "y",
        "angle": -45.0
      },
      "faces": {
        "north": {
          "texture": "#1",
          "uv": [
            0.0,
            0.0,
            11.0,
            16.0
          ]
        },
        "east": {
          "texture": "#7",
          "uv": [
            3.0,
            4.0,
            6.499999992549419,
            11.0
          ]
        },
        "south": {
          "texture": "#1",
          "uv": [
            0.0,
            0.0,
            11.2,
            16.0
          ]
        },
        "west": {
          "texture": "#7",
          "uv": [
            3.0,
            4.0,
            6.5,
            11.0
          ]
        },
        "up": {
          "texture": "#-1",
          "uv": [
            0.0,
            0.0,
            4.0,
            1.4999999925494194
          ]
        },
        "down": {
          "texture": "#-1",
          "uv": [
            0.0,
            0.0,
            4.0,
            1.4999999925494194
          ]
        }
      }
    },
    {
      "name": "Cube",
      "from": [
        1.6999999955296516,
        3.2000000029802322,
        13.49999999254942
      ],
      "to": [
        5.699999995529652,
        6.899999998509884,
        14.899999998509884
      ],
      "rotation": {
        "origin": [
          8.0,
          8.0,
          8.0
        ],
        "axis": "x",
        "angle": 22.5
      },
      "faces": {
        "north": {
          "texture": "#4",
          "uv": [
            0.0,
            0.0,
            10.700000000000001,
            16.0
          ]
        },
        "east": {
          "texture": "#5",
          "uv": [
            11.9,
            0.7000000000000001,
            13.700000005960463,
            4.799999995529651
          ]
        },
        "south": {
          "texture": "#1",
          "uv": [
            0.0,
            0.0,
            11.700000000000001,
            16.0
          ]
        },
        "west": {
          "texture": "#5",
          "uv": [
            3.0,
            1.0,
            4.4000000059604645,
            4.699999995529652
          ]
        },
        "up": {
          "texture": "#5",
          "uv": [
            10.9,
            0.7,
            12.700000000000001,
            4.800000005960466
          ]
        },
        "down": {
          "texture": "#5",
          "uv": [
            11.9,
            0.7,
            13.700000000000001,
            4.800000005960462
          ]
        }
      }
    },
    {
      "name": "Cube",
      "from": [
        0.0,
        3.299999989569187,
        1.2000000029802322
      ],
      "to": [
        3.2000000029802322,
        7.199999988079071,
        2.3000000044703484
      ],
      "rotation": {
        "origin": [
          8.0,
          8.0,
          8.0
        ],
        "axis": "x",
        "angle": -22.5
      },
      "faces": {
        "north": {
          "texture": "#2",
          "uv": [
            0.0,
            0.0,
            11.500000002980235,
            16.0
          ]
        },
        "east": {
          "texture": "#5",
          "uv": [
            12.599999999999998,
            0.6,
            13.800000001490114,
            4.7999999985098825
          ]
        },
        "south": {
          "texture": "#2",
          "uv": [
            0.30000000000000004,
            0.0,
            11.500000002980231,
            15.999999998509884
          ]
        },
        "west": {
          "texture": "#5",
          "uv": [
            12.8,
            0.6,
            13.800000001490117,
            4.7999999985098825
          ]
        },
        "up": {
          "texture": "#2",
          "uv": [
            4.0,
            0.0,
            0.20000000298023224,
            1.1000000014901161
          ]
        },
        "down": {
          "texture": "#2",
          "uv": [
            5.0,
            3.0,
            8.200000002980232,
            12.900000001490117
          ]
        }
      }
    },
    {
      "name": "Cube",
      "from": [
        11.199999988079071,
        6.0,
        5.5999999940395355
      ],
      "to": [
        15.199999988079071,
        9.899999998509884,
        7.099999986588955
      ],
      "faces": {
        "north": {
          "texture": "#6",
          "uv": [
            0.0,
            0.0,
            12.700000000000001,
            16.0
          ]
        },
        "east": {
          "texture": "#5",
          "uv": [
            4.9,
            1.1,
            6.599999992549419,
            4.899999998509884
          ]
        },
        "south": {
          "texture": "#3",
          "uv": [
            0.0,
            0.0,
            10.9,
            16.0
          ]
        },
        "west": {
          "texture": "#-1",
          "uv": [
            0.0,
            0.0,
            1.4999999925494194,
            3.899999998509884
          ]
        },
        "up": {
          "texture": "#5",
          "uv": [
            5.9,
            1.1,
            7.600000000000001,
            4.899999992549418
          ]
        },
        "down": {
          "texture": "#-1",
          "uv": [
            0.0,
            0.0,
            4.0,
            1.4999999925494194
          ]
        }
      }
    },
    {
      "name": "Cube",
      "from": [
        0.6999999955296516,
        6.300000004470348,
        6.799999997019768
      ],
      "to": [
        3.899999998509884,
        10.200000002980232,
        7.899999998509884
      ],
      "rotation": {
        "origin": [
          8.0,
          8.0,
          8.0
        ],
        "axis": "x",
        "angle": -22.5
      },
      "faces": {
        "north": {
          "texture": "#2",
          "uv": [
            0.0,
            0.0,
            11.500000002980235,
            16.0
          ]
        },
        "east": {
          "texture": "#5",
          "uv": [
            12.599999999999998,
            0.6,
            13.800000001490114,
            4.7999999985098825
          ]
        },
        "south": {
          "texture": "#2",
          "uv": [
            0.30000000000000004,
            0.0,
            11.500000002980231,
            15.999999998509884
          ]
        },
        "west": {
          "texture": "#5",
          "uv": [
            12.8,
            0.6,
            13.800000001490117,
            4.7999999985098825
          ]
        },
        "up": {
          "texture": "#2",
          "uv": [
            4.0,
            0.0,
            0.20000000298023224,
            1.1000000014901161
          ]
        },
        "down": {
          "texture": "#2",
          "uv": [
            5.0,
            3.0,
            8.200000002980232,
            12.900000001490117
          ]
        }
      }
    },
    {
      "name": "Cube",
      "from": [
        10.200000017881393,
        7.200000002980232,
        11.0
      ],
      "to": [
        11.200000017881393,
        11.100000016391277,
        15.49999999254942
      ],
      "rotation": {
        "origin": [
          8.0,
          8.0,
          8.0
        ],
        "axis": "z",
        "angle": -22.5
      },
      "faces": {
        "north": {
          "texture": "#6",
          "uv": [
            1.0,
            0.0,
            4.0,
            16.000000013411046
          ]
        },
        "east": {
          "texture": "#6",
          "uv": [
            0.0,
            0.0,
            12.699999992549419,
            16.0
          ]
        },
        "south": {
          "texture": "#6",
          "uv": [
            1.0,
            0.0,
            4.0,
            16.0
          ]
        },
        "west": {
          "texture": "#6",
          "uv": [
            0.0,
            0.0,
            12.699999992549419,
            16.0
          ]
        },
        "up": {
          "texture": "#6",
          "uv": [
            0.0,
            0.0,
            2.0,
            9.49999999254942
          ]
        },
        "down": {
          "texture": "#6",
          "uv": [
            0.0,
            0.0,
            2.0,
            9.49999999254942
          ]
        }
      }
    },
    {
      "name": "Cube",
      "from": [
        2.100000001490116,
        6.0,
        12.899999998509884
      ],
      "to": [
        3.100000001490116,
        9.50000000745058,
        15.899999998509884
      ],
      "faces": {
        "north": {
          "texture": "#-1",
          "uv": [
            0.0,
            0.0,
            1.0,
            3.5000000074505806
          ]
        },
        "east": {
          "texture": "#1",
          "uv": [
            0.0,
            0.0,
            12.0,
            16.00000000745058
          ]
        },
        "south": {
          "texture": "#1",
          "uv": [
            0.0,
            2.0,
            2.0,
            12.000000007450579
          ]
        },
        "west": {
          "texture": "#1",
          "uv": [
            0.0,
            0.0,
            11.8,
            16.0
          ]
        },
        "up": {
          "texture": "#1",
          "uv": [
            0.0,
            0.0,
            2.0,
            6.0
          ]
        },
        "down": {
          "texture": "#-1",
          "uv": [
            0.0,
            0.0,
            1.0,
            3.0
          ]
        }
      }
    },
    {
      "name": "Cube",
      "from": [
        10.0,
        6.0,
        0.0
      ],
      "to": [
        11.200000002980232,
        9.899999998509884,
        4.0
      ],
      "faces": {
        "north": {
          "texture": "#3",
          "uv": [
            0.0,
            0.0,
            1.900000002980232,
            10.999999998509884
          ]
        },
        "east": {
          "texture": "#3",
          "uv": [
            0.0,
            0.0,
            10.8,
            16.0
          ]
        },
        "south": {
          "texture": "#3",
          "uv": [
            0.0,
            0.0,
            1.9000000029802329,
            11.0
          ]
        },
        "west": {
          "texture": "#3",
          "uv": [
            0.0,
            0.0,
            10.8,
            15.999999998509884
          ]
        },
        "up": {
          "texture": "#3",
          "uv": [
            0.0,
            0.0,
            1.2000000029802322,
            4.0
          ]
        },
        "down": {
          "texture": "#3",
          "uv": [
            0.0,
            0.0,
            1.2000000029802322,
            4.0
          ]
        }
      }
    },
    {
      "name": "Cube",
      "from": [
        11.199999988079071,
        6.0,
        2.099999986588955
      ],
      "to": [
        15.199999988079071,
        10.0,
        3.5999999791383743
      ],
      "faces": {
        "north": {
          "texture": "#1",
          "uv": [
            0.0,
            0.0,
            11.0,
            16.0
          ]
        },
        "east": {
          "texture": "#7",
          "uv": [
            3.0,
            4.0,
            6.499999992549419,
            11.0
          ]
        },
        "south": {
          "texture": "#1",
          "uv": [
            0.0,
            0.0,
            11.2,
            16.0
          ]
        },
        "west": {
          "texture": "#7",
          "uv": [
            3.0,
            4.0,
            6.5,
            11.0
          ]
        },
        "up": {
          "texture": "#-1",
          "uv": [
            0.0,
            0.0,
            4.0,
            1.4999999925494194
          ]
        },
        "down": {
          "texture": "#-1",
          "uv": [
            0.0,
            0.0,
            4.0,
            1.4999999925494194
          ]
        }
      }
    }
  ]
}
