{
  "__comment": "Model_generated_using_MrCrayfish\u0027s_Model_Creator_(http://mrcrayfish.com/modelcreator/)",
  "display": {
    "gui": {
      "rotation": [
        30,
        135,
        0
      ],
      "translation": [
        0,
        0,
        0
      ],
      "scale": [
        0.625,
        0.625,
        0.625
      ]
    },
    "head": {
      "rotation": [
        0,
        -90,
        0
      ],
      "translation": [
        0,
        0,
        0
      ],
      "scale": [
        1,
        1,
        1
      ]
    },
    "ground": {
      "rotation": [
        0,
        0,
        0
      ],
      "translation": [
        0,
        3,
        0
      ],
      "scale": [
        0.25,
        0.25,
        0.25
      ]
    },
    "fixed": {
      "rotation": [
        0,
        0,
        0
      ],
      "translation": [
        0,
        0,
        0
      ],
      "scale": [
        0.5,
        0.5,
        0.5
      ]
    },
    "thirdperson_righthand": {
      "rotation": [
        75,
        45,
        0
      ],
      "translation": [
        0,
        2.5,
        0
      ],
      "scale": [
        0.375,
        0.375,
        0.375
      ]
    },
    "firstperson_righthand": {
      "rotation": [
        0,
        45,
        0
      ],
      "translation": [
        0,
        0,
        0
      ],
      "scale": [
        0.40,
        0.40,
        0.40
      ]
    },
    "firstperson_lefthand": {
      "rotation": [
        0,
        225,
        0
      ],
      "translation": [
        0,
        0,
        0
      ],
      "scale": [
        0.40,
        0.40,
        0.40
      ]
    }
  },
  "textures": {
    "particle": "block/cauldron_side",
    "0": "block/oak_log",
    "1": "block/cauldron_inner",
    "2": "block/cauldron_side",
    "3": "block/oak_planks"
  },
  "elements": [
    {
      "name": "log_1",
      "from": [
        0.0,
        0.0,
        6.499999992549419
      ],
      "to": [
        16.0,
        2.0,
        9.49999999254942
      ],
      "faces": {
        "north": {
          "texture": "#0",
          "uv": [
            0.0,
            0.0,
            16.0,
            3.0
          ]
        },
        "east": {
          "texture": "#0",
          "uv": [
            0.0,
            0.0,
            3.0,
            2.0
          ]
        },
        "south": {
          "texture": "#0",
          "uv": [
            0.0,
            0.0,
            16.0,
            3.0
          ]
        },
        "west": {
          "texture": "#0",
          "uv": [
            0.0,
            0.0,
            3.0,
            2.0
          ]
        },
        "up": {
          "texture": "#0",
          "uv": [
            0.0,
            0.0,
            6.0,
            3.0
          ]
        },
        "down": {
          "texture": "#0",
          "uv": [
            0.0,
            0.0,
            16.0,
            3.0
          ]
        }
      }
    },
    {
      "name": "log_2",
      "from": [
        0.0,
        0.0,
        6.499999992549419
      ],
      "to": [
        16.0,
        2.0,
        9.49999999254942
      ],
      "rotation": {
        "origin": [
          8.0,
          8.0,
          8.0
        ],
        "axis": "y",
        "angle": -45.0
      },
      "faces": {
        "north": {
          "texture": "#0",
          "uv": [
            0.0,
            0.0,
            16.0,
            3.0
          ]
        },
        "east": {
          "texture": "#0",
          "uv": [
            0.0,
            0.0,
            3.0,
            2.0
          ]
        },
        "south": {
          "texture": "#0",
          "uv": [
            0.0,
            0.0,
            16.0,
            3.0
          ]
        },
        "west": {
          "texture": "#0",
          "uv": [
            0.0,
            0.0,
            3.0,
            3.0
          ]
        },
        "up": {
          "texture": "#0",
          "uv": [
            0.0,
            0.0,
            16.0,
            3.0
          ]
        },
        "down": {
          "texture": "#0",
          "uv": [
            0.0,
            0.0,
            16.0,
            3.0
          ]
        }
      }
    },
    {
      "name": "log_3",
      "from": [
        0.0,
        0.0,
        6.499999992549419
      ],
      "to": [
        16.0,
        2.0,
        9.49999999254942
      ],
      "rotation": {
        "origin": [
          8.0,
          8.0,
          8.0
        ],
        "axis": "y",
        "angle": 45.0
      },
      "faces": {
        "north": {
          "texture": "#0",
          "uv": [
            0.0,
            0.0,
            16.0,
            3.0
          ]
        },
        "east": {
          "texture": "#0",
          "uv": [
            0.0,
            0.0,
            3.0,
            2.0
          ]
        },
        "south": {
          "texture": "#0",
          "uv": [
            0.0,
            0.0,
            16.0,
            3.0
          ]
        },
        "west": {
          "texture": "#0",
          "uv": [
            0.0,
            0.0,
            3.0,
            2.0
          ]
        },
        "up": {
          "texture": "#0",
          "uv": [
            0.0,
            0.0,
            16.0,
            3.0
          ]
        },
        "down": {
          "texture": "#0",
          "uv": [
            0.0,
            0.0,
            16.0,
            3.0
          ]
        }
      }
    },
    {
      "name": "log_4",
      "from": [
        6.500000007450581,
        0.0,
        0.0
      ],
      "to": [
        9.50000000745058,
        2.0,
        16.0
      ],
      "faces": {
        "north": {
          "texture": "#0",
          "uv": [
            0.0,
            0.0,
            3.0,
            2.0
          ]
        },
        "east": {
          "texture": "#0",
          "uv": [
            0.0,
            0.0,
            3.0,
            16.0
          ],
          "rotation": 90
        },
        "south": {
          "texture": "#0",
          "uv": [
            0.0,
            0.0,
            3.0,
            2.0
          ]
        },
        "west": {
          "texture": "#0",
          "uv": [
            0.0,
            0.0,
            3.0,
            16.0
          ],
          "rotation": 90
        },
        "up": {
          "texture": "#0",
          "uv": [
            0.0,
            0.0,
            3.0,
            16.0
          ]
        },
        "down": {
          "texture": "#0",
          "uv": [
            0.0,
            0.0,
            3.0,
            16.0
          ]
        }
      }
    },
    {
      "name": "pot_base",
      "from": [
        2.0,
        2.0,
        2.0
      ],
      "to": [
        14.0,
        3.0,
        14.0
      ],
      "faces": {
        "north": {
          "texture": "#1",
          "uv": [
            0.0,
            0.0,
            12.0,
            1.0
          ]
        },
        "east": {
          "texture": "#1",
          "uv": [
            0.0,
            0.0,
            12.0,
            1.0
          ]
        },
        "south": {
          "texture": "#1",
          "uv": [
            0.0,
            0.0,
            12.0,
            1.0
          ]
        },
        "west": {
          "texture": "#1",
          "uv": [
            0.0,
            0.0,
            12.0,
            1.0
          ]
        },
        "up": {
          "texture": "#1",
          "uv": [
            2.0,
            2.0,
            14.0,
            14.0
          ]
        },
        "down": {
          "texture": "#1",
          "uv": [
            0.0,
            0.0,
            12.0,
            12.0
          ]
        }
      }
    },
    {
      "name": "pot_side_east",
      "from": [
        13.0,
        3.0,
        2.0
      ],
      "to": [
        14.0,
        13.0,
        14.0
      ],
      "faces": {
        "north": {
          "texture": "#2",
          "uv": [
            1.0,
            0.0,
            2.0,
            10.0
          ]
        },
        "east": {
          "texture": "#2",
          "uv": [
            2.0,
            0.0,
            14.0,
            10.0
          ]
        },
        "south": {
          "texture": "#2",
          "uv": [
            1.0,
            0.0,
            2.0,
            10.0
          ]
        },
        "west": {
          "texture": "#2",
          "uv": [
            0.0,
            0.0,
            12.0,
            10.0
          ]
        },
        "up": {
          "texture": "#2",
          "uv": [
            2.0,
            0.0,
            14.0,
            1.0
          ],
          "rotation": 90
        },
        "down": {
          "texture": "#2",
          "uv": [
            0.0,
            0.0,
            1.0,
            12.0
          ]
        }
      }
    },
    {
      "name": "pot_side_west",
      "from": [
        2.0,
        3.0,
        2.0
      ],
      "to": [
        3.0,
        13.0,
        14.0
      ],
      "faces": {
        "north": {
          "texture": "#2",
          "uv": [
            1.0,
            0.0,
            2.0,
            10.0
          ]
        },
        "east": {
          "texture": "#2",
          "uv": [
            0.0,
            0.0,
            12.0,
            10.0
          ]
        },
        "south": {
          "texture": "#2",
          "uv": [
            1.0,
            0.0,
            2.0,
            10.0
          ]
        },
        "west": {
          "texture": "#2",
          "uv": [
            2.0,
            0.0,
            14.0,
            10.0
          ]
        },
        "up": {
          "texture": "#2",
          "uv": [
            2.0,
            0.0,
            14.0,
            1.0
          ],
          "rotation": 90
        },
        "down": {
          "texture": "#2",
          "uv": [
            0.0,
            0.0,
            1.0,
            12.0
          ]
        }
      }
    },
    {
      "name": "pot_side_south",
      "from": [
        3.0,
        3.0,
        13.0
      ],
      "to": [
        13.0,
        13.0,
        14.0
      ],
      "faces": {
        "north": {
          "texture": "#2",
          "uv": [
            3.0,
            0.0,
            13.0,
            10.0
          ]
        },
        "east": {
          "texture": "#2",
          "uv": [
            0.0,
            0.0,
            1.0,
            10.0
          ]
        },
        "south": {
          "texture": "#2",
          "uv": [
            3.0,
            0.0,
            13.0,
            10.0
          ]
        },
        "west": {
          "texture": "#2",
          "uv": [
            0.0,
            0.0,
            1.0,
            10.0
          ]
        },
        "up": {
          "texture": "#2",
          "uv": [
            0.0,
            0.0,
            10.0,
            1.0
          ]
        },
        "down": {
          "texture": "#2",
          "uv": [
            0.0,
            0.0,
            10.0,
            1.0
          ]
        }
      }
    },
    {
      "name": "pot_side_north",
      "from": [
        3.0,
        3.0,
        2.0
      ],
      "to": [
        13.0,
        13.0,
        3.0
      ],
      "faces": {
        "north": {
          "texture": "#2",
          "uv": [
            3.0,
            0.0,
            13.0,
            10.0
          ]
        },
        "east": {
          "texture": "#2",
          "uv": [
            0.0,
            0.0,
            1.0,
            10.0
          ]
        },
        "south": {
          "texture": "#2",
          "uv": [
            3.0,
            0.0,
            13.0,
            10.0
          ]
        },
        "west": {
          "texture": "#2",
          "uv": [
            0.0,
            0.0,
            1.0,
            10.0
          ]
        },
        "up": {
          "texture": "#2",
          "uv": [
            0.0,
            0.0,
            10.0,
            1.0
          ]
        },
        "down": {
          "texture": "#2",
          "uv": [
            0.0,
            0.0,
            10.0,
            1.0
          ]
        }
      }
    },
    {
      "name": "handle_connection_one",
      "from": [
        8.0,
        11.0,
        14.0
      ],
      "to": [
        17.0,
        12.0,
        15.0
      ],
      "rotation": {
        "origin": [
          8.0,
          13.0,
          8.0
        ],
        "axis": "z",
        "angle": -22.5
      },
      "faces": {
        "north": {
          "texture": "#3",
          "uv": [
            0.0,
            0.0,
            9.0,
            1.0
          ]
        },
        "east": {
          "texture": "#3",
          "uv": [
            0.0,
            0.0,
            1.0,
            1.0
          ]
        },
        "south": {
          "texture": "#3",
          "uv": [
            0.0,
            0.0,
            9.0,
            1.0
          ]
        },
        "west": {
          "texture": "#3",
          "uv": [
            0.0,
            0.0,
            1.0,
            1.0
          ]
        },
        "up": {
          "texture": "#3",
          "uv": [
            0.0,
            0.0,
            9.0,
            1.0
          ]
        },
        "down": {
          "texture": "#3",
          "uv": [
            0.0,
            0.0,
            9.0,
            1.0
          ]
        }
      }
    },
    {
      "name": "handle_connection_two",
      "from": [
        8.0,
        11.0,
        1.0
      ],
      "to": [
        17.0,
        12.0,
        2.0
      ],
      "rotation": {
        "origin": [
          8.0,
          13.0,
          8.0
        ],
        "axis": "z",
        "angle": -22.5
      },
      "faces": {
        "north": {
          "texture": "#3",
          "uv": [
            0.0,
            0.0,
            9.0,
            1.0
          ]
        },
        "east": {
          "texture": "#3",
          "uv": [
            0.0,
            0.0,
            1.0,
            1.0
          ]
        },
        "south": {
          "texture": "#3",
          "uv": [
            0.0,
            0.0,
            9.0,
            1.0
          ]
        },
        "west": {
          "texture": "#3",
          "uv": [
            0.0,
            0.0,
            1.0,
            1.0
          ]
        },
        "up": {
          "texture": "#3",
          "uv": [
            0.0,
            0.0,
            9.0,
            1.0
          ]
        },
        "down": {
          "texture": "#3",
          "uv": [
            0.0,
            0.0,
            9.0,
            1.0
          ]
        }
      }
    },
    {
      "name": "handle",
      "from": [
        16.0,
        11.0,
        2.0
      ],
      "to": [
        17.0,
        12.0,
        14.0
      ],
      "rotation": {
        "origin": [
          8.0,
          13.0,
          8.0
        ],
        "axis": "z",
        "angle": -22.5
      },
      "faces": {
        "north": {
          "texture": "#3",
          "uv": [
            0.0,
            0.0,
            1.0,
            1.0
          ]
        },
        "east": {
          "texture": "#3",
          "uv": [
            0.0,
            0.0,
            12.0,
            1.0
          ]
        },
        "south": {
          "texture": "#3",
          "uv": [
            0.0,
            0.0,
            1.0,
            1.0
          ]
        },
        "west": {
          "texture": "#3",
          "uv": [
            0.0,
            0.0,
            12.0,
            1.0
          ]
        },
        "up": {
          "texture": "#3",
          "uv": [
            0.0,
            0.0,
            12.0,
            1.0
          ],
          "rotation": 90
        },
        "down": {
          "texture": "#3",
          "uv": [
            0.0,
            0.0,
            12.0,
            1.0
          ],
          "rotation": 90
        }
      }
    }
  ]
}
