{
  "__comment": "Model_generated_using_MrCrayfish\u0027s_Model_Creator_(http://mrcrayfish.com/modelcreator/)",
  "display": {
    "gui": {
      "rotation": [
        30,
        135,
        0
      ],
      "translation": [
        0,
        0,
        0
      ],
      "scale": [
        0.625,
        0.625,
        0.625
      ]
    },
    "head": {
      "rotation": [
        0,
        -90,
        0
      ],
      "translation": [
        0,
        0,
        0
      ],
      "scale": [
        1,
        1,
        1
      ]
    },
    "ground": {
      "rotation": [
        0,
        0,
        0
      ],
      "translation": [
        0,
        3,
        0
      ],
      "scale": [
        0.25,
        0.25,
        0.25
      ]
    },
    "fixed": {
      "rotation": [
        0,
        0,
        0
      ],
      "translation": [
        0,
        0,
        0
      ],
      "scale": [
        0.5,
        0.5,
        0.5
      ]
    },
    "thirdperson_righthand": {
      "rotation": [
        75,
        45,
        0
      ],
      "translation": [
        0,
        2.5,
        0
      ],
      "scale": [
        0.375,
        0.375,
        0.375
      ]
    },
    "firstperson_righthand": {
      "rotation": [
        0,
        45,
        0
      ],
      "translation": [
        0,
        0,
        0
      ],
      "scale": [
        0.40,
        0.40,
        0.40
      ]
    },
    "firstperson_lefthand": {
      "rotation": [
        0,
        225,
        0
      ],
      "translation": [
        0,
        0,
        0
      ],
      "scale": [
        0.40,
        0.40,
        0.40
      ]
    }
  },
  "textures": {
    "particle": "block/crafting_table_sidew",
    "0": "block/crafting_table_top",
    "1": "block/crafting_table_front",
    "2": "block/oak_planks",
    "3": "block/crafting_table_sidew",
    "4": "block/crafting_table_sides",
    "5": "block/crafting_table_sidee"
  },
  "elements": [
    {
      "name": "Cube",
      "from": [
        0.0,
        0.0,
        0.0
      ],
      "to": [
        2.7999999970197678,
        2.800000011920929,
        16.0
      ],
      "faces": {
        "north": {
          "texture": "#0",
          "uv": [
            13.2,
            13.2,
            16.000000005960462,
            16.000000005960462
          ],
          "cullface": "north"
        },
        "east": {
          "texture": "#0",
          "uv": [
            0.0,
            13.2,
            16.0,
            16.00000001192093
          ]
        },
        "south": {
          "texture": "#0",
          "uv": [
            0.0,
            13.2,
            2.7999999970197678,
            16.00000001192093
          ],
          "cullface": "south"
        },
        "west": {
          "texture": "#0",
          "uv": [
            0.0,
            13.299999999999995,
            16.0,
            16.100000011920926
          ],
          "cullface": "west"
        },
        "up": {
          "texture": "#0",
          "uv": [
            13.2,
            0.0,
            15.999999997019767,
            16.0
          ]
        },
        "down": {
          "texture": "#0",
          "uv": [
            13.2,
            0.0,
            15.999999997019767,
            16.0
          ],
          "rotation": 180,
          "cullface": "down"
        }
      }
    },
    {
      "name": "Cube",
      "from": [
        13.200000002980232,
        0.0,
        0.0
      ],
      "to": [
        16.00000001490116,
        2.800000011920929,
        16.0
      ],
      "faces": {
        "north": {
          "texture": "#0",
          "uv": [
            -2.0816681711721685E-15,
            13.2,
            2.800000005960462,
            16.000000005960462
          ],
          "cullface": "north"
        },
        "east": {
          "texture": "#0",
          "uv": [
            0.0,
            13.2,
            16.0,
            16.00000001192093
          ],
          "cullface": "east"
        },
        "south": {
          "texture": "#0",
          "uv": [
            13.2,
            13.2,
            16.00000001192093,
            16.00000001192093
          ],
          "cullface": "south"
        },
        "west": {
          "texture": "#0",
          "uv": [
            0.0,
            13.2,
            16.0,
            16.00000001192093
          ]
        },
        "up": {
          "texture": "#0",
          "uv": [
            13.2,
            0.0,
            16.00000001192093,
            16.0
          ],
          "rotation": 180
        },
        "down": {
          "texture": "#0",
          "uv": [
            0.0,
            0.0,
            2.800000011920929,
            16.0
          ],
          "rotation": 180,
          "cullface": "down"
        }
      }
    },
    {
      "name": "Cube",
      "from": [
        2.800000011920929,
        0.0,
        0.0
      ],
      "to": [
        13.200000017881393,
        2.800000011920929,
        2.800000011920929
      ],
      "faces": {
        "north": {
          "texture": "#0",
          "uv": [
            2.8,
            13.2,
            13.200000005960465,
            16.00000001192093
          ],
          "cullface": "north"
        },
        "east": {
          "texture": "#-1",
          "uv": [
            0.0,
            4.0,
            2.800000011920929,
            6.800000011920929
          ]
        },
        "south": {
          "texture": "#0",
          "uv": [
            2.7000000000000006,
            2.8,
            13.200000005960472,
            1.1920928966180355E-8
          ]
        },
        "west": {
          "texture": "#-1",
          "uv": [
            0.0,
            0.0,
            -2.199999988079071,
            -0.19999998807907104
          ]
        },
        "up": {
          "texture": "#0",
          "uv": [
            2.8,
            13.2,
            13.200000005960465,
            16.00000001192093
          ]
        },
        "down": {
          "texture": "#0",
          "uv": [
            3.0,
            0.0,
            13.200000005960465,
            2.800000011920929
          ],
          "rotation": 180,
          "cullface": "down"
        }
      }
    },
    {
      "name": "Cube",
      "from": [
        2.800000011920929,
        0.0,
        13.200000002980232
      ],
      "to": [
        13.200000017881393,
        2.800000011920929,
        16.00000001490116
      ],
      "faces": {
        "north": {
          "texture": "#0",
          "uv": [
            2.8,
            13.2,
            13.200000005960465,
            16.00000001192093
          ]
        },
        "east": {
          "texture": "#-1",
          "uv": [
            0.0,
            4.0,
            2.800000011920929,
            6.800000011920929
          ]
        },
        "south": {
          "texture": "#0",
          "uv": [
            2.8000000000000007,
            13.200000000000003,
            13.200000005960465,
            16.00000001192093
          ],
          "cullface": "south"
        },
        "west": {
          "texture": "#-1",
          "uv": [
            0.0,
            0.0,
            -2.199999988079071,
            -0.19999998807907104
          ]
        },
        "up": {
          "texture": "#0",
          "uv": [
            2.8,
            13.2,
            13.200000005960465,
            16.00000001192093
          ],
          "rotation": 180
        },
        "down": {
          "texture": "#0",
          "uv": [
            2.8,
            13.2,
            13.200000005960465,
            16.00000001192093
          ],
          "rotation": 180,
          "cullface": "down"
        }
      }
    },
    {
      "name": "Cube",
      "from": [
        1.0,
        1.0,
        1.0
      ],
      "to": [
        15.0,
        15.0,
        13.200000002980232
      ],
      "faces": {
        "north": {
          "texture": "#1",
          "uv": [
            1.0,
            1.0,
            15.0,
            15.0
          ],
          "cullface": "north"
        },
        "east": {
          "texture": "#0",
          "uv": [
            3.0,
            1.0,
            15.200000002980232,
            15.0
          ],
          "cullface": "east"
        },
        "south": {
          "texture": "#0",
          "uv": [
            1.0,
            1.0,
            15.0,
            15.0
          ],
          "cullface": "south"
        },
        "west": {
          "texture": "#0",
          "uv": [
            1.0,
            1.0,
            13.200000002980232,
            15.0
          ],
          "cullface": "west"
        },
        "up": {
          "texture": "#0",
          "uv": [
            1.0,
            1.0,
            15.0,
            13.200000002980232
          ],
          "cullface": "up"
        },
        "down": {
          "texture": "#0",
          "uv": [
            1.0,
            3.0,
            15.0,
            15.200000002980232
          ],
          "cullface": "down"
        }
      }
    },
    {
      "name": "Cube",
      "from": [
        0.0,
        13.200000002980232,
        0.0
      ],
      "to": [
        2.7999999970197678,
        16.00000001490116,
        16.0
      ],
      "faces": {
        "north": {
          "texture": "#0",
          "uv": [
            13.2,
            -7.216449660063518E-16,
            16.000000005960462,
            2.800000005960462
          ],
          "cullface": "north"
        },
        "east": {
          "texture": "#0",
          "uv": [
            0.0,
            13.2,
            16.0,
            16.00000001192093
          ]
        },
        "south": {
          "texture": "#0",
          "uv": [
            0.0,
            -7.216449660063518E-16,
            2.7999999970197678,
            2.800000011920928
          ],
          "cullface": "south"
        },
        "west": {
          "texture": "#0",
          "uv": [
            0.0,
            -4.191091917959966E-15,
            16.0,
            2.800000011920925
          ],
          "cullface": "west"
        },
        "up": {
          "texture": "#0",
          "uv": [
            -7.216449660063518E-16,
            0.0,
            2.799999997019767,
            16.0
          ],
          "cullface": "up"
        },
        "down": {
          "texture": "#0",
          "uv": [
            13.2,
            0.0,
            15.999999997019767,
            16.0
          ]
        }
      }
    },
    {
      "name": "Cube",
      "from": [
        2.800000011920929,
        13.200000002980232,
        13.200000002980232
      ],
      "to": [
        13.200000017881393,
        16.00000001490116,
        16.00000001490116
      ],
      "faces": {
        "north": {
          "texture": "#0",
          "uv": [
            2.8,
            13.2,
            13.200000005960465,
            16.00000001192093
          ]
        },
        "east": {
          "texture": "#-1",
          "uv": [
            0.0,
            1.0,
            2.800000011920929,
            3.800000011920929
          ]
        },
        "south": {
          "texture": "#0",
          "uv": [
            2.8000000000000007,
            -1.6653345369377348E-16,
            13.200000005960465,
            2.800000011920929
          ],
          "cullface": "south"
        },
        "west": {
          "texture": "#-1",
          "uv": [
            0.0,
            0.0,
            -2.199999988079071,
            -0.19999998807907104
          ]
        },
        "up": {
          "texture": "#0",
          "uv": [
            2.8,
            13.2,
            13.200000005960465,
            16.00000001192093
          ],
          "cullface": "up"
        },
        "down": {
          "texture": "#0",
          "uv": [
            2.8,
            13.2,
            13.200000005960465,
            16.00000001192093
          ]
        }
      }
    },
    {
      "name": "Cube",
      "from": [
        13.200000002980232,
        13.200000002980232,
        0.0
      ],
      "to": [
        16.00000001490116,
        16.00000001490116,
        16.0
      ],
      "faces": {
        "north": {
          "texture": "#0",
          "uv": [
            -2.0816681711721685E-15,
            -7.216449660063518E-16,
            2.800000005960462,
            2.800000005960462
          ],
          "cullface": "north"
        },
        "east": {
          "texture": "#0",
          "uv": [
            0.0,
            -7.216449660063518E-16,
            16.0,
            2.800000011920928
          ],
          "cullface": "east"
        },
        "south": {
          "texture": "#0",
          "uv": [
            13.2,
            -7.216449660063518E-16,
            16.00000001192093,
            2.800000011920928
          ],
          "cullface": "south"
        },
        "west": {
          "texture": "#0",
          "uv": [
            0.0,
            13.2,
            16.0,
            16.00000001192093
          ]
        },
        "up": {
          "texture": "#0",
          "uv": [
            13.2,
            0.0,
            16.00000001192093,
            16.0
          ],
          "cullface": "up"
        },
        "down": {
          "texture": "#0",
          "uv": [
            0.0,
            0.0,
            2.800000011920929,
            16.0
          ]
        }
      }
    },
    {
      "name": "Cube",
      "from": [
        2.800000011920929,
        13.200000002980232,
        0.0
      ],
      "to": [
        13.200000017881393,
        16.00000001490116,
        2.800000011920929
      ],
      "faces": {
        "north": {
          "texture": "#0",
          "uv": [
            2.8,
            -7.216449660063518E-16,
            13.200000005960465,
            2.800000011920928
          ],
          "cullface": "north"
        },
        "east": {
          "texture": "#-1",
          "uv": [
            0.0,
            4.0,
            2.800000011920929,
            6.800000011920929
          ]
        },
        "south": {
          "texture": "#0",
          "uv": [
            2.7000000000000006,
            2.8,
            13.200000005960472,
            1.1920928966180355E-8
          ]
        },
        "west": {
          "texture": "#-1",
          "uv": [
            0.0,
            0.0,
            -2.199999988079071,
            -0.19999998807907104
          ]
        },
        "up": {
          "texture": "#0",
          "uv": [
            2.8,
            -7.216449660063518E-16,
            13.200000005960465,
            2.800000011920928
          ],
          "cullface": "up"
        },
        "down": {
          "texture": "#0",
          "uv": [
            3.0,
            0.0,
            13.200000005960465,
            2.800000011920929
          ]
        }
      }
    },
    {
      "name": "Cube",
      "from": [
        0.0,
        2.7999999970197678,
        0.0
      ],
      "to": [
        2.800000011920929,
        13.200000002980232,
        2.7999999970197678
      ],
      "faces": {
        "north": {
          "texture": "#0",
          "uv": [
            13.2,
            2.8,
            16.00000001192093,
            13.200000005960465
          ],
          "cullface": "north"
        },
        "east": {
          "texture": "#0",
          "uv": [
            0.0,
            3.0,
            2.7999999970197678,
            13.400000005960464
          ]
        },
        "south": {
          "texture": "#0",
          "uv": [
            13.2,
            2.8,
            16.00000001192093,
            13.200000005960465
          ]
        },
        "west": {
          "texture": "#0",
          "uv": [
            0.0,
            2.8,
            2.7999999970197678,
            13.200000005960465
          ],
          "cullface": "west"
        },
        "up": {
          "texture": "#-1",
          "uv": [
            0.0,
            0.0,
            2.800000011920929,
            2.7999999970197678
          ]
        },
        "down": {
          "texture": "#-1",
          "uv": [
            0.0,
            0.0,
            2.800000011920929,
            2.7999999970197678
          ]
        }
      }
    },
    {
      "name": "Cube",
      "from": [
        13.200000002980232,
        2.7999999970197678,
        0.0
      ],
      "to": [
        16.00000001490116,
        13.200000002980232,
        2.7999999970197678
      ],
      "faces": {
        "north": {
          "texture": "#0",
          "uv": [
            -7.216449660063518E-16,
            2.8,
            2.800000011920928,
            13.200000005960465
          ],
          "cullface": "north"
        },
        "east": {
          "texture": "#0",
          "uv": [
            13.2,
            2.8,
            15.999999997019767,
            13.200000005960465
          ],
          "cullface": "east"
        },
        "south": {
          "texture": "#0",
          "uv": [
            0.1999999999999993,
            2.8,
            2.800000011920928,
            13.200000005960465
          ]
        },
        "west": {
          "texture": "#0",
          "uv": [
            13.2,
            2.8,
            15.999999997019767,
            13.200000005960465
          ]
        },
        "up": {
          "texture": "#-1",
          "uv": [
            0.0,
            0.0,
            2.800000011920929,
            2.7999999970197678
          ]
        },
        "down": {
          "texture": "#-1",
          "uv": [
            0.0,
            0.0,
            2.800000011920929,
            2.7999999970197678
          ]
        }
      }
    },
    {
      "name": "Cube",
      "from": [
        13.200000002980232,
        2.7999999970197678,
        13.200000002980232
      ],
      "to": [
        16.00000001490116,
        13.200000002980232,
        16.0
      ],
      "faces": {
        "north": {
          "texture": "#0",
          "uv": [
            13.2,
            2.8,
            16.00000001192093,
            13.200000005960465
          ]
        },
        "east": {
          "texture": "#0",
          "uv": [
            -7.216449660063518E-16,
            2.8,
            2.799999997019767,
            13.200000005960465
          ],
          "cullface": "east"
        },
        "south": {
          "texture": "#0",
          "uv": [
            13.2,
            2.8,
            16.00000001192093,
            13.200000005960465
          ],
          "cullface": "south"
        },
        "west": {
          "texture": "#0",
          "uv": [
            13.2,
            2.8,
            15.999999997019767,
            13.200000005960465
          ]
        },
        "up": {
          "texture": "#-1",
          "uv": [
            0.0,
            0.0,
            2.800000011920929,
            2.7999999970197678
          ]
        },
        "down": {
          "texture": "#-1",
          "uv": [
            0.0,
            0.0,
            2.800000011920929,
            2.7999999970197678
          ]
        }
      }
    },
    {
      "name": "Cube",
      "from": [
        0.0,
        2.7999999970197678,
        13.199999988079071
      ],
      "to": [
        2.800000011920929,
        13.200000002980232,
        15.999999985098839
      ],
      "faces": {
        "north": {
          "texture": "#0",
          "uv": [
            -7.216449660063518E-16,
            2.8,
            2.800000011920928,
            13.200000005960465
          ]
        },
        "east": {
          "texture": "#0",
          "uv": [
            13.2,
            2.8,
            15.999999997019767,
            13.200000005960465
          ]
        },
        "south": {
          "texture": "#0",
          "uv": [
            -7.216449660063518E-16,
            2.8,
            2.800000011920928,
            13.200000005960465
          ],
          "cullface": "south"
        },
        "west": {
          "texture": "#0",
          "uv": [
            13.2,
            2.8,
            15.999999997019767,
            13.200000005960465
          ],
          "cullface": "west"
        },
        "up": {
          "texture": "#-1",
          "uv": [
            0.0,
            0.0,
            2.800000011920929,
            2.7999999970197678
          ]
        },
        "down": {
          "texture": "#-1",
          "uv": [
            0.0,
            0.0,
            2.800000011920929,
            2.7999999970197678
          ]
        }
      }
    },
    {
      "name": "Cube",
      "from": [
        5.5999999940395355,
        15.0,
        2.7999999970197678
      ],
      "to": [
        6.5999999940395355,
        15.899999998509884,
        13.200000002980232
      ],
      "faces": {
        "east": {
          "texture": "#2",
          "uv": [
            0.0,
            0.0,
            0.9,
            10.399999999999999
          ],
          "rotation": 90
        },
        "west": {
          "texture": "#2",
          "uv": [
            0.0,
            0.0,
            0.9,
            10.399999999999999
          ],
          "rotation": 90
        },
        "up": {
          "texture": "#2",
          "uv": [
            7.0,
            3.0,
            8.0,
            13.400000005960464
          ],
          "cullface": "up"
        }
      }
    },
    {
      "name": "Cube",
      "from": [
        9.399999991059303,
        15.0,
        2.7999999970197678
      ],
      "to": [
        10.399999991059303,
        15.899999998509884,
        13.200000002980232
      ],
      "faces": {
        "east": {
          "texture": "#2",
          "uv": [
            0.0,
            0.0,
            0.9,
            10.399999999999999
          ],
          "rotation": 90
        },
        "west": {
          "texture": "#2",
          "uv": [
            0.0,
            0.0,
            0.9,
            10.399999999999999
          ],
          "rotation": 90
        },
        "up": {
          "texture": "#2",
          "uv": [
            7.0,
            3.0,
            8.0,
            13.400000005960464
          ],
          "cullface": "up"
        }
      }
    },
    {
      "name": "Cube",
      "from": [
        2.7999999970197678,
        15.0,
        9.399999991059303
      ],
      "to": [
        13.200000002980232,
        15.799999997019768,
        10.399999991059303
      ],
      "faces": {
        "north": {
          "texture": "#2",
          "uv": [
            2.0,
            0.0,
            2.8,
            10.399999999999999
          ],
          "rotation": 90
        },
        "south": {
          "texture": "#2",
          "uv": [
            0.0,
            0.0,
            0.8,
            10.399999999999999
          ],
          "rotation": 90
        },
        "up": {
          "texture": "#2",
          "uv": [
            3.0,
            0.0,
            4.0,
            10.399999999999999
          ],
          "rotation": 90,
          "cullface": "up"
        }
      }
    },
    {
      "name": "Cube",
      "from": [
        2.7999999970197678,
        15.0,
        5.5999999940395355
      ],
      "to": [
        13.200000002980232,
        15.799999997019768,
        6.5999999940395355
      ],
      "faces": {
        "north": {
          "texture": "#2",
          "uv": [
            2.0,
            0.0,
            2.8,
            10.399999999999999
          ],
          "rotation": 90
        },
        "south": {
          "texture": "#2",
          "uv": [
            0.0,
            0.0,
            0.8,
            10.399999999999999
          ],
          "rotation": 90
        },
        "up": {
          "texture": "#2",
          "uv": [
            6.0,
            0.0,
            7.0,
            10.399999999999999
          ],
          "rotation": 90,
          "cullface": "up"
        }
      }
    },
    {
      "name": "Cube",
      "from": [
        0.6000000089406967,
        3.0,
        7.500000007450581
      ],
      "to": [
        1.0,
        11.0,
        8.50000000745058
      ],
      "rotation": {
        "origin": [
          8.0,
          8.0,
          8.0
        ],
        "axis": "x",
        "angle": 22.5
      },
      "faces": {
        "north": {
          "texture": "#3",
          "uv": [
            6.0,
            5.0,
            6.399999991059303,
            13.0
          ]
        },
        "south": {
          "texture": "#3",
          "uv": [
            5.600000000000001,
            5.0,
            5.999999991059305,
            13.0
          ]
        },
        "west": {
          "texture": "#3",
          "uv": [
            5.499999999999998,
            5.0,
            6.499999999999998,
            13.0
          ],
          "cullface": "west"
        },
        "down": {
          "texture": "#3",
          "uv": [
            6.0,
            9.0,
            6.399999991059303,
            10.0
          ]
        }
      }
    },
    {
      "name": "Cube",
      "from": [
        0.4000000059604645,
        10.899999998509884,
        6.0
      ],
      "to": [
        1.0,
        12.899999998509884,
        10.0
      ],
      "rotation": {
        "origin": [
          8.0,
          8.0,
          8.0
        ],
        "axis": "x",
        "angle": 22.5
      },
      "faces": {
        "north": {
          "texture": "#3",
          "uv": [
            4.0,
            3.1,
            4.5999999940395355,
            5.1
          ]
        },
        "south": {
          "texture": "#3",
          "uv": [
            7.0,
            3.1,
            7.5999999940395355,
            5.1
          ]
        },
        "west": {
          "texture": "#3",
          "uv": [
            3.9999999999999996,
            3.1,
            8.0,
            5.1
          ],
          "cullface": "west"
        },
        "up": {
          "texture": "#3",
          "uv": [
            4.0,
            4.0,
            7.5999999940395355,
            5.0
          ],
          "rotation": 90
        },
        "down": {
          "texture": "#3",
          "uv": [
            4.0,
            4.0,
            7.799999994039535,
            5.0
          ],
          "rotation": 90
        }
      }
    },
    {
      "name": "Cube",
      "from": [
        2.3000000044703484,
        4.799999997019768,
        13.0
      ],
      "to": [
        12.300000004470348,
        7.799999997019768,
        16.0
      ],
      "rotation": {
        "origin": [
          8.0,
          8.0,
          8.0
        ],
        "axis": "z",
        "angle": 22.5
      },
      "faces": {
        "east": {
          "texture": "#4",
          "uv": [
            0.0,
            0.0,
            3.0,
            3.0
          ]
        },
        "south": {
          "texture": "#4",
          "uv": [
            0.0,
            13.0,
            10.0,
            16.0
          ],
          "cullface": "south"
        },
        "west": {
          "texture": "#4",
          "uv": [
            0.0,
            0.0,
            3.0,
            3.0
          ]
        },
        "up": {
          "texture": "#4",
          "uv": [
            0.0,
            13.0,
            10.0,
            16.0
          ]
        },
        "down": {
          "texture": "#4",
          "uv": [
            0.0,
            13.0,
            10.0,
            16.0
          ]
        }
      }
    },
    {
      "name": "Cube",
      "from": [
        15.0,
        1.1000000014901161,
        7.499999977648258
      ],
      "to": [
        15.49999999254942,
        3.100000001490116,
        8.499999977648258
      ],
      "rotation": {
        "origin": [
          8.0,
          8.0,
          8.0
        ],
        "axis": "x",
        "angle": -45.0
      },
      "faces": {
        "north": {
          "texture": "#5",
          "uv": [
            0.0,
            0.0,
            0.4999999925494194,
            2.0
          ]
        },
        "east": {
          "texture": "#5",
          "uv": [
            1.0,
            0.0,
            2.6999999999999997,
            1.0
          ],
          "rotation": 270,
          "cullface": "east"
        },
        "south": {
          "texture": "#5",
          "uv": [
            0.9999999999999999,
            0.0,
            1.9999999925494198,
            0.5000000000000001
          ],
          "rotation": 90
        },
        "down": {
          "texture": "#5",
          "uv": [
            0.0,
            0.0,
            0.4999999925494194,
            1.0
          ]
        }
      }
    },
    {
      "name": "Cube",
      "from": [
        15.0,
        3.1000000163912773,
        5.499999977648258
      ],
      "to": [
        15.49999999254942,
        4.100000016391277,
        8.499999977648258
      ],
      "rotation": {
        "origin": [
          8.0,
          8.0,
          8.0
        ],
        "axis": "x",
        "angle": -45.0
      },
      "faces": {
        "north": {
          "texture": "#5",
          "uv": [
            4.0,
            0.0,
            4.499999992549419,
            1.0
          ]
        },
        "east": {
          "texture": "#5",
          "uv": [
            0.0,
            0.0,
            3.0,
            1.0
          ],
          "cullface": "east"
        },
        "south": {
          "texture": "#5",
          "uv": [
            0.0,
            0.0,
            0.9999999925494191,
            0.5000000000000001
          ],
          "rotation": 90
        },
        "up": {
          "texture": "#5",
          "uv": [
            0.0,
            0.0,
            0.4999999925494194,
            3.0
          ],
          "rotation": 180
        },
        "down": {
          "texture": "#5",
          "uv": [
            0.0,
            0.0,
            0.4999999925494194,
            3.0
          ]
        }
      }
    },
    {
      "name": "Cube",
      "from": [
        15.0,
        4.5999999940395355,
        2.800000011920929
      ],
      "to": [
        15.49999999254942,
        5.5999999940395355,
        10.30000001937151
      ],
      "rotation": {
        "origin": [
          8.0,
          8.0,
          8.0
        ],
        "axis": "x",
        "angle": -22.5
      },
      "faces": {
        "north": {
          "texture": "#5",
          "uv": [
            0.0,
            8.0,
            0.4999999925494194,
            10.0
          ]
        },
        "east": {
          "texture": "#5",
          "uv": [
            0.0,
            4.0,
            15.000000007450579,
            6.0
          ],
          "cullface": "east"
        },
        "south": {
          "texture": "#5",
          "uv": [
            0.0,
            8.0,
            0.4999999925494194,
            10.0
          ]
        },
        "up": {
          "texture": "#5",
          "uv": [
            0.0,
            7.0,
            14.999999992549418,
            7.500000007450581
          ],
          "rotation": 90
        },
        "down": {
          "texture": "#5",
          "uv": [
            0.0,
            7.0,
            14.99999999254942,
            7.500000007450581
          ],
          "rotation": 90
        }
      }
    }
  ]
}
