{
  "__comment": "Model_generated_using_MrCrayfish\u0027s_Model_Creator_(http://mrcrayfish.com/modelcreator/)",
  "textures": {
    "0": "block/dark_oak_planks"
  },
  "elements": [
    {
      "name": "Cube",
      "from": [
        7.0,
        6.499999992549419,
        0.10000000149011612
      ],
      "to": [
        9.0,
        9.49999999254942,
        8.0
      ],
      "faces": {
        "north": {
          "texture": "#0",
          "uv": [
            0.0,
            0.0,
            2.0,
            3.0
          ]
        },
        "east": {
          "texture": "#0",
          "uv": [
            0.0,
            0.0,
            9.700000010430813,
            3.0
          ]
        },
        "south": {
          "texture": "#0",
          "uv": [
            0.0,
            0.0,
            2.0,
            3.0
          ]
        },
        "west": {
          "texture": "#0",
          "uv": [
            0.0,
            0.0,
            9.700000010430813,
            3.0
          ]
        },
        "up": {
          "texture": "#0",
          "uv": [
            0.0,
            0.0,
            13.699999999999998,
            2.0
          ]
        },
        "down": {
          "texture": "#0",
          "uv": [
            0.0,
            0.0,
            13.700000000000001,
            2.0
          ]
        }
      }
    },
    {
      "name": "Cube",
      "from": [
        6.499999992549419,
        0.0,
        1.4901161193847656E-8
      ],
      "to": [
        9.49999999254942,
        13.0,
        1.0000000149011612
      ],
      "faces": {
        "north": {
          "texture": "#0",
          "uv": [
            0.0,
            0.0,
            3.0,
            13.0
          ]
        },
        "east": {
          "texture": "#0",
          "uv": [
            0.0,
            0.0,
            1.0,
            13.0
          ]
        },
        "south": {
          "texture": "#0",
          "uv": [
            0.0,
            0.0,
            3.0,
            13.0
          ]
        },
        "west": {
          "texture": "#0",
          "uv": [
            0.0,
            0.0,
            1.0,
            13.0
          ]
        },
        "up": {
          "texture": "#0",
          "uv": [
            0.0,
            0.0,
            3.0,
            2.0
          ]
        },
        "down": {
          "texture": "#0",
          "uv": [
            0.0,
            0.0,
            3.0,
            2.0
          ]
        }
      }
    }
  ]
}
