{
  "__comment": "Model_generated_using_MrCrayfish\u0027s_Model_Creator_(http://mrcrayfish.com/modelcreator/)",
  "textures": {
    "particle": "block/detector_rail",
    "0": "block/rail",
    "1": "block/oak_planks",
    "2": "block/rail_activator_partinactive",
    "3": "block/powered_rail",
    "4": "block/rail_detector_partinactive",
    "5": "block/rail_detector_partgold"
  },
  "elements": [
    {
      "name": "Cube",
      "from": [
        12.300000004470348,
        1.0,
        0.0
      ],
      "to": [
        13.300000004470348,
        2.0,
        16.0
      ],
      "faces": {
        "north": {
          "texture": "#0",
          "uv": [
            3.4999999999999996,
            0.0,
            4.5,
            1.0
          ]
        },
        "east": {
          "texture": "#0",
          "uv": [
            3.5000000000000004,
            0.0,
            4.499999999999998,
            16.0
          ],
          "rotation": 90
        },
        "south": {
          "texture": "#0",
          "uv": [
            3.4999999999999996,
            0.0,
            4.5,
            1.0
          ]
        },
        "west": {
          "texture": "#0",
          "uv": [
            4.5,
            0.0,
            3.5,
            16.0
          ],
          "rotation": 90
        },
        "up": {
          "texture": "#0",
          "uv": [
            3.4999999999999996,
            0.0,
            4.5,
            16.0
          ]
        },
        "down": {
          "texture": "#0",
          "uv": [
            3.4999999999999996,
            0.0,
            4.5,
            16.0
          ]
        }
      }
    },
    {
      "name": "Cube",
      "from": [
        2.5999999940395355,
        1.0,
        0.0
      ],
      "to": [
        3.5999999940395355,
        2.0,
        16.0
      ],
      "faces": {
        "north": {
          "texture": "#0",
          "uv": [
            3.5,
            0.5,
            4.500000000000002,
            1.0
          ]
        },
        "east": {
          "texture": "#0",
          "uv": [
            3.5000000000000004,
            0.0,
            4.499999999999998,
            16.0
          ],
          "rotation": 90
        },
        "south": {
          "texture": "#0",
          "uv": [
            3.5000000000000004,
            0.0,
            4.5,
            1.0
          ]
        },
        "west": {
          "texture": "#0",
          "uv": [
            4.4,
            0.0,
            3.5,
            16.0
          ],
          "rotation": 90
        },
        "up": {
          "texture": "#0",
          "uv": [
            4.5,
            0.0,
            3.5000000000000018,
            16.0
          ]
        },
        "down": {
          "texture": "#0",
          "uv": [
            3.4999999999999996,
            0.0,
            4.5,
            16.0
          ]
        }
      }
    },
    {
      "name": "Cube",
      "from": [
        1.0,
        0.0,
        9.600000008940697
      ],
      "to": [
        15.0,
        1.0,
        10.600000008940697
      ],
      "faces": {
        "north": {
          "texture": "#1",
          "uv": [
            0.0,
            0.0,
            14.0,
            1.0
          ]
        },
        "east": {
          "texture": "#1",
          "uv": [
            0.0,
            0.0,
            1.0,
            1.0
          ]
        },
        "south": {
          "texture": "#1",
          "uv": [
            0.0,
            0.0,
            14.0,
            1.0
          ]
        },
        "west": {
          "texture": "#1",
          "uv": [
            0.0,
            0.0,
            1.0,
            1.0
          ]
        },
        "up": {
          "texture": "#1",
          "uv": [
            0.0,
            0.0,
            14.0,
            1.0
          ]
        },
        "down": {
          "texture": "#1",
          "uv": [
            0.0,
            0.0,
            14.0,
            1.0
          ]
        }
      }
    },
    {
      "name": "Cube",
      "from": [
        1.0,
        0.0,
        0.0
      ],
      "to": [
        15.0,
        1.0,
        1.0
      ],
      "faces": {
        "north": {
          "texture": "#1",
          "uv": [
            0.0,
            0.0,
            14.0,
            1.0
          ]
        },
        "east": {
          "texture": "#1",
          "uv": [
            0.0,
            0.0,
            1.0,
            1.0
          ]
        },
        "south": {
          "texture": "#1",
          "uv": [
            0.0,
            0.0,
            14.0,
            1.0
          ]
        },
        "west": {
          "texture": "#1",
          "uv": [
            0.0,
            0.0,
            1.0,
            1.0
          ]
        },
        "up": {
          "texture": "#1",
          "uv": [
            2.2999999999999994,
            1.0,
            13.800000000000002,
            1.6999999999999997
          ]
        },
        "down": {
          "texture": "#1",
          "uv": [
            0.0,
            0.0,
            14.0,
            1.0
          ]
        }
      }
    },
    {
      "name": "Cube",
      "from": [
        1.0,
        0.0,
        3.199999988079071
      ],
      "to": [
        15.0,
        1.0,
        4.199999988079071
      ],
      "faces": {
        "north": {
          "texture": "#1",
          "uv": [
            0.0,
            16.0,
            1.0,
            0.0
          ],
          "rotation": 90
        },
        "east": {
          "texture": "#1",
          "uv": [
            0.0,
            0.0,
            1.0,
            1.0
          ]
        },
        "south": {
          "texture": "#1",
          "uv": [
            0.0,
            0.0,
            14.0,
            1.0
          ]
        },
        "west": {
          "texture": "#1",
          "uv": [
            0.0,
            0.0,
            1.0,
            1.0
          ]
        },
        "up": {
          "texture": "#1",
          "uv": [
            0.0,
            16.0,
            1.0,
            0.0
          ],
          "rotation": 90
        },
        "down": {
          "texture": "#1",
          "uv": [
            0.0,
            0.0,
            14.0,
            1.0
          ]
        }
      }
    },
    {
      "name": "Cube",
      "from": [
        1.0,
        0.0,
        6.399999991059303
      ],
      "to": [
        15.0,
        1.0,
        7.399999991059303
      ],
      "faces": {
        "north": {
          "texture": "#1",
          "uv": [
            0.0,
            0.0,
            14.0,
            1.0
          ]
        },
        "east": {
          "texture": "#1",
          "uv": [
            0.0,
            0.0,
            1.0,
            1.0
          ]
        },
        "south": {
          "texture": "#1",
          "uv": [
            0.0,
            0.0,
            14.0,
            1.0
          ]
        },
        "west": {
          "texture": "#1",
          "uv": [
            0.0,
            0.0,
            1.0,
            1.0
          ]
        },
        "up": {
          "texture": "#1",
          "uv": [
            0.0,
            0.0,
            14.0,
            1.0
          ]
        },
        "down": {
          "texture": "#1",
          "uv": [
            0.0,
            0.0,
            14.0,
            1.0
          ]
        }
      }
    },
    {
      "name": "Cube",
      "from": [
        1.0,
        0.0,
        12.799999997019768
      ],
      "to": [
        15.0,
        1.0,
        13.799999997019768
      ],
      "faces": {
        "north": {
          "texture": "#1",
          "uv": [
            0.0,
            0.0,
            14.0,
            1.0
          ]
        },
        "east": {
          "texture": "#1",
          "uv": [
            0.0,
            0.0,
            1.0,
            1.0
          ]
        },
        "south": {
          "texture": "#1",
          "uv": [
            0.0,
            0.0,
            14.0,
            1.0
          ]
        },
        "west": {
          "texture": "#1",
          "uv": [
            0.0,
            0.0,
            1.0,
            1.0
          ]
        },
        "up": {
          "texture": "#1",
          "uv": [
            0.0,
            0.0,
            14.0,
            1.0
          ]
        },
        "down": {
          "texture": "#1",
          "uv": [
            0.0,
            0.0,
            14.0,
            1.0
          ]
        }
      }
    },
    {
      "name": "Cube",
      "from": [
        7.0,
        0.10000000149011612,
        0.5000000074505806
      ],
      "to": [
        9.0,
        0.4999999925494194,
        16.0
      ],
      "faces": {
        "north": {
          "texture": "#-1",
          "uv": [
            0.0,
            0.0,
            2.0,
            0.3999999910593033
          ]
        },
        "east": {
          "texture": "#2",
          "uv": [
            2.0,
            16.0,
            1.3999999999999986,
            0.0
          ],
          "rotation": 90
        },
        "south": {
          "texture": "#2",
          "uv": [
            0.0,
            2.0,
            1.5000000000000009,
            2.3999999910593033
          ]
        },
        "west": {
          "texture": "#2",
          "uv": [
            0.0,
            16.0,
            1.3999999925494162,
            -8.940696710757479E-9
          ],
          "rotation": 90
        },
        "up": {
          "texture": "#2",
          "uv": [
            0.0,
            0.0,
            1.5000000000000009,
            16.0
          ]
        },
        "down": {
          "texture": "#2",
          "uv": [
            0.0,
            -1.0824674490095276E-15,
            1.4999999999999973,
            15.999999999999995
          ]
        }
      }
    },
    {
      "name": "Cube",
      "from": [
        4.100000001490116,
        1.0,
        0.5000000074505806
      ],
      "to": [
        5.100000001490116,
        1.4999999925494194,
        15.50000000745058
      ],
      "faces": {
        "north": {
          "texture": "#3",
          "uv": [
            4.500000000000002,
            3.1,
            5.600000000000001,
            3.2999999925494192
          ]
        },
        "east": {
          "texture": "#3",
          "uv": [
            4.499999999999998,
            15.499999999999998,
            5.6,
            0.4999999925494176
          ],
          "rotation": 90
        },
        "south": {
          "texture": "#3",
          "uv": [
            4.499999999999998,
            3.1,
            5.599999999999998,
            3.099999992549419
          ]
        },
        "west": {
          "texture": "#3",
          "uv": [
            4.499999999999998,
            15.499999999999998,
            5.6,
            0.4999999925494176
          ],
          "rotation": 90
        },
        "up": {
          "texture": "#3",
          "uv": [
            4.499999999999998,
            0.5,
            5.599999999999998,
            15.5
          ]
        },
        "down": {
          "texture": "#3",
          "uv": [
            4.499999999999998,
            0.49999999999999967,
            5.599999999999998,
            15.499999999999998
          ]
        }
      }
    },
    {
      "name": "Cube",
      "from": [
        10.799999997019768,
        1.0,
        0.5000000074505806
      ],
      "to": [
        11.799999997019768,
        1.4999999925494194,
        15.50000000745058
      ],
      "faces": {
        "north": {
          "texture": "#3",
          "uv": [
            4.499999999999998,
            5.1,
            5.599999999999998,
            5.599999992549419
          ]
        },
        "east": {
          "texture": "#3",
          "uv": [
            4.500000000000002,
            15.499999999999998,
            5.600000000000001,
            0.4999999925494194
          ],
          "rotation": 90
        },
        "south": {
          "texture": "#3",
          "uv": [
            4.500000000000002,
            3.1,
            5.600000000000001,
            3.5999999925494195
          ]
        },
        "west": {
          "texture": "#3",
          "uv": [
            4.600000000000001,
            15.499999999999998,
            5.600000000000001,
            0.4999999925494194
          ],
          "rotation": 90
        },
        "up": {
          "texture": "#3",
          "uv": [
            4.500000000000002,
            0.5,
            5.600000000000001,
            15.499999999999998
          ]
        },
        "down": {
          "texture": "#3",
          "uv": [
            4.500000000000002,
            0.5000000000000001,
            5.599999999999998,
            15.500000000000002
          ]
        }
      }
    },
    {
      "name": "Cube",
      "from": [
        5.500000007450581,
        1.0,
        5.0
      ],
      "to": [
        10.50000000745058,
        1.8999999985098839,
        11.0
      ],
      "faces": {
        "north": {
          "texture": "#3",
          "uv": [
            4.499999999999998,
            6.0,
            5.599999999999998,
            10.999999998509884
          ],
          "rotation": 90
        },
        "east": {
          "texture": "#3",
          "uv": [
            4.499999999999998,
            0.0,
            5.600000000000001,
            5.9999999985098835
          ],
          "rotation": 90
        },
        "south": {
          "texture": "#3",
          "uv": [
            4.499999999999998,
            6.0,
            5.600000000000001,
            10.999999998509884
          ],
          "rotation": 90
        },
        "west": {
          "texture": "#3",
          "uv": [
            4.499999999999998,
            0.0,
            5.600000000000001,
            5.9999999985098835
          ],
          "rotation": 90
        },
        "up": {
          "texture": "#4",
          "uv": [
            10.000000000000004,
            12.0,
            0.0,
            0.0
          ]
        },
        "down": {
          "texture": "#5",
          "uv": [
            0.0,
            0.0,
            10.0,
            12.0
          ]
        }
      }
    }
  ]
}
