{
  "__comment": "Model_generated_using_MrCrayfish\u0027s_Model_Creator_(http://mrcrayfish.com/modelcreator/)",
  "ambientocclusion": false,
  "textures": {
    "particle": "block/detector_rail_on",
    "0": "block/rail",
    "1": "block/oak_planks",
    "2": "block/rail_activator_partactive",
    "3": "block/powered_rail",
    "4": "block/rail_detector_partactive",
    "5": "block/rail_detector_partgold"
  },
  "elements": [
    {
      "name": "Cube",
      "from": [
        12.300000004470348,
        8.400000005960464,
        -2.5000000074505806
      ],
      "to": [
        13.300000004470348,
        9.400000005960464,
        20.799999997019768
      ],
      "shade": false,
      "rotation": {
        "origin": [
          8.0,
          8.0,
          8.0
        ],
        "axis": "x",
        "angle": -45.0
      },
      "faces": {
        "north": {
          "texture": "#0",
          "uv": [
            3.4999999999999996,
            0.0,
            4.5,
            1.0
          ]
        },
        "east": {
          "texture": "#0",
          "uv": [
            3.5000000000000004,
            0.0,
            4.499999999999998,
            16.0
          ],
          "rotation": 90
        },
        "south": {
          "texture": "#0",
          "uv": [
            3.4999999999999996,
            0.0,
            4.5,
            1.0
          ]
        },
        "west": {
          "texture": "#0",
          "uv": [
            4.5,
            0.0,
            3.5,
            16.0
          ],
          "rotation": 90
        },
        "up": {
          "texture": "#0",
          "uv": [
            3.4999999999999996,
            0.0,
            4.5,
            16.0
          ]
        },
        "down": {
          "texture": "#0",
          "uv": [
            3.4999999999999996,
            0.0,
            4.5,
            16.0
          ]
        }
      }
    },
    {
      "name": "Cube",
      "from": [
        2.5999999940395355,
        8.400000005960464,
        -2.5000000074505806
      ],
      "to": [
        3.5999999940395355,
        9.400000005960464,
        20.799999997019768
      ],
      "rotation": {
        "origin": [
          8.0,
          8.0,
          8.0
        ],
        "axis": "x",
        "angle": -45.0
      },
      "faces": {
        "north": {
          "texture": "#0",
          "uv": [
            3.5,
            2.5,
            4.500000000000002,
            1.0
          ]
        },
        "east": {
          "texture": "#0",
          "uv": [
            3.5000000000000004,
            0.0,
            4.499999999999998,
            16.0
          ],
          "rotation": 90
        },
        "south": {
          "texture": "#0",
          "uv": [
            3.5000000000000004,
            0.0,
            4.5,
            1.0
          ]
        },
        "west": {
          "texture": "#0",
          "uv": [
            4.4,
            0.0,
            3.5,
            16.0
          ],
          "rotation": 90
        },
        "up": {
          "texture": "#0",
          "uv": [
            4.5,
            0.0,
            3.5000000000000018,
            16.0
          ]
        },
        "down": {
          "texture": "#0",
          "uv": [
            3.4999999999999996,
            0.0,
            4.5,
            16.0
          ]
        }
      }
    },
    {
      "name": "Cube",
      "from": [
        1.0,
        7.4000000059604645,
        11.100000001490116
      ],
      "to": [
        15.0,
        8.400000005960464,
        12.100000001490116
      ],
      "rotation": {
        "origin": [
          8.0,
          8.0,
          8.0
        ],
        "axis": "x",
        "angle": -45.0
      },
      "faces": {
        "north": {
          "texture": "#1",
          "uv": [
            0.0,
            0.0,
            14.0,
            1.0
          ]
        },
        "east": {
          "texture": "#1",
          "uv": [
            0.0,
            0.0,
            1.0,
            1.0
          ]
        },
        "south": {
          "texture": "#1",
          "uv": [
            0.0,
            0.0,
            14.0,
            1.0
          ]
        },
        "west": {
          "texture": "#1",
          "uv": [
            0.0,
            0.0,
            1.0,
            1.0
          ]
        },
        "up": {
          "texture": "#1",
          "uv": [
            0.0,
            0.0,
            14.0,
            1.0
          ]
        },
        "down": {
          "texture": "#1",
          "uv": [
            0.0,
            0.0,
            14.0,
            1.0
          ]
        }
      }
    },
    {
      "name": "Cube",
      "from": [
        1.0,
        7.4000000059604645,
        -2.5000000074505806
      ],
      "to": [
        15.0,
        8.400000005960464,
        -1.5000000074505806
      ],
      "rotation": {
        "origin": [
          8.0,
          8.0,
          8.0
        ],
        "axis": "x",
        "angle": -45.0
      },
      "faces": {
        "north": {
          "texture": "#1",
          "uv": [
            0.0,
            0.0,
            14.0,
            1.0
          ]
        },
        "east": {
          "texture": "#1",
          "uv": [
            0.0,
            0.0,
            1.0,
            1.0
          ]
        },
        "south": {
          "texture": "#1",
          "uv": [
            0.0,
            0.0,
            14.0,
            1.0
          ]
        },
        "west": {
          "texture": "#1",
          "uv": [
            0.0,
            0.0,
            1.0,
            1.0
          ]
        },
        "up": {
          "texture": "#1",
          "uv": [
            2.2999999999999994,
            1.0,
            13.800000000000002,
            1.6999999999999997
          ]
        },
        "down": {
          "texture": "#1",
          "uv": [
            0.0,
            0.0,
            14.0,
            1.0
          ]
        }
      }
    },
    {
      "name": "Cube",
      "from": [
        1.0,
        7.4000000059604645,
        1.6999999806284904
      ],
      "to": [
        15.0,
        8.400000005960464,
        2.6999999806284904
      ],
      "rotation": {
        "origin": [
          8.0,
          8.0,
          8.0
        ],
        "axis": "x",
        "angle": -45.0
      },
      "faces": {
        "north": {
          "texture": "#1",
          "uv": [
            0.0,
            16.0,
            1.0,
            0.0
          ],
          "rotation": 90
        },
        "east": {
          "texture": "#1",
          "uv": [
            0.0,
            0.0,
            1.0,
            1.0
          ]
        },
        "south": {
          "texture": "#1",
          "uv": [
            0.0,
            0.0,
            14.0,
            1.0
          ]
        },
        "west": {
          "texture": "#1",
          "uv": [
            0.0,
            0.0,
            1.0,
            1.0
          ]
        },
        "up": {
          "texture": "#1",
          "uv": [
            0.0,
            16.0,
            1.0,
            0.0
          ],
          "rotation": 90
        },
        "down": {
          "texture": "#1",
          "uv": [
            0.0,
            0.0,
            14.0,
            1.0
          ]
        }
      }
    },
    {
      "name": "Cube",
      "from": [
        1.0,
        7.4000000059604645,
        5.899999983608723
      ],
      "to": [
        15.0,
        8.400000005960464,
        6.899999983608723
      ],
      "rotation": {
        "origin": [
          8.0,
          8.0,
          8.0
        ],
        "axis": "x",
        "angle": -45.0
      },
      "faces": {
        "north": {
          "texture": "#1",
          "uv": [
            0.0,
            0.0,
            14.0,
            1.0
          ]
        },
        "east": {
          "texture": "#1",
          "uv": [
            0.0,
            0.0,
            1.0,
            1.0
          ]
        },
        "south": {
          "texture": "#1",
          "uv": [
            0.0,
            0.0,
            14.0,
            1.0
          ]
        },
        "west": {
          "texture": "#1",
          "uv": [
            0.0,
            0.0,
            1.0,
            1.0
          ]
        },
        "up": {
          "texture": "#1",
          "uv": [
            0.0,
            0.0,
            14.0,
            1.0
          ]
        },
        "down": {
          "texture": "#1",
          "uv": [
            0.0,
            0.0,
            14.0,
            1.0
          ]
        }
      }
    },
    {
      "name": "Cube",
      "from": [
        1.0,
        7.4000000059604645,
        16.299999989569187
      ],
      "to": [
        15.0,
        8.400000005960464,
        17.299999989569187
      ],
      "rotation": {
        "origin": [
          8.0,
          8.0,
          8.0
        ],
        "axis": "x",
        "angle": -45.0
      },
      "faces": {
        "north": {
          "texture": "#1",
          "uv": [
            0.0,
            0.0,
            14.0,
            1.0
          ]
        },
        "east": {
          "texture": "#1",
          "uv": [
            0.0,
            0.0,
            1.0,
            1.0
          ]
        },
        "south": {
          "texture": "#1",
          "uv": [
            0.0,
            0.0,
            14.0,
            1.0
          ]
        },
        "west": {
          "texture": "#1",
          "uv": [
            0.0,
            0.0,
            1.0,
            1.0
          ]
        },
        "up": {
          "texture": "#1",
          "uv": [
            0.0,
            0.0,
            14.0,
            1.0
          ]
        },
        "down": {
          "texture": "#1",
          "uv": [
            0.0,
            0.0,
            14.0,
            1.0
          ]
        }
      }
    },
    {
      "name": "Cube",
      "from": [
        7.0,
        7.500000007450581,
        -3.899999998509884
      ],
      "to": [
        9.0,
        7.899999998509884,
        20.599999994039536
      ],
      "rotation": {
        "origin": [
          8.0,
          8.0,
          8.0
        ],
        "axis": "x",
        "angle": -45.0
      },
      "faces": {
        "north": {
          "texture": "#2",
          "uv": [
            0.0,
            0.0,
            1.5999999999999996,
            0.3999999910593033
          ]
        },
        "east": {
          "texture": "#2",
          "uv": [
            2.0,
            16.0,
            1.3999999999999986,
            0.0
          ],
          "rotation": 90
        },
        "south": {
          "texture": "#2",
          "uv": [
            0.0,
            2.0,
            1.5000000000000009,
            2.3999999910593033
          ]
        },
        "west": {
          "texture": "#2",
          "uv": [
            0.0,
            16.0,
            1.3999999925494162,
            -8.940696710757479E-9
          ],
          "rotation": 90
        },
        "up": {
          "texture": "#2",
          "uv": [
            0.0,
            0.0,
            1.5000000000000009,
            16.0
          ]
        },
        "down": {
          "texture": "#2",
          "uv": [
            0.0,
            -1.0824674490095276E-15,
            1.4999999999999973,
            15.999999999999995
          ]
        }
      }
    },
    {
      "name": "Cube",
      "from": [
        4.100000001490116,
        8.400000005960464,
        -2.0
      ],
      "to": [
        5.100000001490116,
        8.899999998509884,
        20.0
      ],
      "rotation": {
        "origin": [
          8.0,
          8.0,
          8.0
        ],
        "axis": "x",
        "angle": -45.0
      },
      "faces": {
        "north": {
          "texture": "#3",
          "uv": [
            4.500000000000002,
            3.1,
            5.600000000000001,
            3.2999999925494192
          ]
        },
        "east": {
          "texture": "#3",
          "uv": [
            4.499999999999998,
            15.499999999999998,
            5.6,
            0.4999999925494176
          ],
          "rotation": 90
        },
        "south": {
          "texture": "#3",
          "uv": [
            4.499999999999998,
            3.1,
            5.599999999999998,
            3.099999992549419
          ]
        },
        "west": {
          "texture": "#3",
          "uv": [
            4.499999999999998,
            15.499999999999998,
            5.6,
            0.4999999925494176
          ],
          "rotation": 90
        },
        "up": {
          "texture": "#3",
          "uv": [
            4.499999999999998,
            0.5,
            5.599999999999998,
            15.5
          ]
        },
        "down": {
          "texture": "#3",
          "uv": [
            4.499999999999998,
            0.49999999999999967,
            5.599999999999998,
            15.499999999999998
          ]
        }
      }
    },
    {
      "name": "Cube",
      "from": [
        10.799999997019768,
        8.400000005960464,
        -2.0
      ],
      "to": [
        11.799999997019768,
        8.899999998509884,
        20.0
      ],
      "rotation": {
        "origin": [
          8.0,
          8.0,
          8.0
        ],
        "axis": "x",
        "angle": -45.0
      },
      "faces": {
        "north": {
          "texture": "#3",
          "uv": [
            4.499999999999998,
            5.1,
            5.599999999999998,
            5.599999992549419
          ]
        },
        "east": {
          "texture": "#3",
          "uv": [
            4.500000000000002,
            15.499999999999998,
            5.600000000000001,
            0.4999999925494194
          ],
          "rotation": 90
        },
        "south": {
          "texture": "#3",
          "uv": [
            4.500000000000002,
            3.1,
            5.600000000000001,
            3.5999999925494195
          ]
        },
        "west": {
          "texture": "#3",
          "uv": [
            4.600000000000001,
            15.499999999999998,
            5.600000000000001,
            0.4999999925494194
          ],
          "rotation": 90
        },
        "up": {
          "texture": "#3",
          "uv": [
            4.500000000000002,
            0.5,
            5.600000000000001,
            15.499999999999998
          ]
        },
        "down": {
          "texture": "#3",
          "uv": [
            4.500000000000002,
            0.5000000000000001,
            5.599999999999998,
            15.500000000000002
          ]
        }
      }
    },
    {
      "name": "Cube",
      "from": [
        5.500000007450581,
        8.400000005960464,
        5.0
      ],
      "to": [
        10.50000000745058,
        9.100000001490116,
        11.0
      ],
      "rotation": {
        "origin": [
          8.0,
          8.0,
          8.0
        ],
        "axis": "x",
        "angle": -45.0
      },
      "faces": {
        "north": {
          "texture": "#3",
          "uv": [
            4.499999999999998,
            0.0,
            5.599999999999998,
            7.999999995529651
          ],
          "rotation": 90
        },
        "east": {
          "texture": "#3",
          "uv": [
            4.499999999999998,
            0.0,
            5.599999999999998,
            9.999999995529652
          ],
          "rotation": 90
        },
        "south": {
          "texture": "#3",
          "uv": [
            4.499999999999998,
            0.0,
            5.599999999999998,
            8.0
          ],
          "rotation": 90
        },
        "west": {
          "texture": "#3",
          "uv": [
            4.499999999999998,
            0.0,
            5.599999999999998,
            10.0
          ],
          "rotation": 90
        },
        "up": {
          "texture": "#4",
          "uv": [
            0.0,
            0.0,
            10.0,
            12.0
          ]
        },
        "down": {
          "texture": "#5",
          "uv": [
            0.0,
            1.0,
            10.0,
            13.0
          ]
        }
      }
    }
  ]
}
