{
  "__comment": "Model_generated_using_MrCrayfish\u0027s_Model_Creator_(http://mrcrayfish.com/modelcreator/)",
  "display": {
    "gui": {
      "rotation": [
        30,
        135,
        0
      ],
      "translation": [
        0,
        0,
        0
      ],
      "scale": [
        0.625,
        0.625,
        0.625
      ]
    },
    "head": {
      "rotation": [
        0,
        -90,
        0
      ],
      "translation": [
        0,
        0,
        0
      ],
      "scale": [
        1,
        1,
        1
      ]
    },
    "ground": {
      "rotation": [
        0,
        0,
        0
      ],
      "translation": [
        0,
        3,
        0
      ],
      "scale": [
        0.25,
        0.25,
        0.25
      ]
    },
    "fixed": {
      "rotation": [
        0,
        0,
        0
      ],
      "translation": [
        0,
        0,
        0
      ],
      "scale": [
        0.5,
        0.5,
        0.5
      ]
    },
    "thirdperson_righthand": {
      "rotation": [
        75,
        45,
        0
      ],
      "translation": [
        0,
        2.5,
        0
      ],
      "scale": [
        0.375,
        0.375,
        0.375
      ]
    },
    "firstperson_righthand": {
      "rotation": [
        0,
        45,
        0
      ],
      "translation": [
        0,
        0,
        0
      ],
      "scale": [
        0.40,
        0.40,
        0.40
      ]
    },
    "firstperson_lefthand": {
      "rotation": [
        0,
        225,
        0
      ],
      "translation": [
        0,
        0,
        0
      ],
      "scale": [
        0.40,
        0.40,
        0.40
      ]
    }
  },
  "textures": {
    "particle": "block/enchanting_table_top",
    "0": "block/enchanting_table_side",
    "1": "block/enchanting_table_top",
    "2": "block/enchanting_table_bottom",
    "3": "block/diamond_block",
    "4": "block/quartz_block_bottom",
    "5": "block/iron_block"
  },
  "elements": [
    {
      "name": "Cube",
      "from": [
        1.0,
        8.0,
        1.0
      ],
      "to": [
        15.0,
        12.0,
        15.0
      ],
      "faces": {
        "north": {
          "texture": "#0",
          "uv": [
            0.0,
            0.0,
            16.0,
            4.0
          ]
        },
        "east": {
          "texture": "#0",
          "uv": [
            0.0,
            0.0,
            16.0,
            4.0
          ]
        },
        "south": {
          "texture": "#0",
          "uv": [
            0.0,
            0.0,
            16.0,
            4.0
          ]
        },
        "west": {
          "texture": "#0",
          "uv": [
            0.0,
            0.0,
            16.0,
            4.0
          ]
        },
        "up": {
          "texture": "#1",
          "uv": [
            0.0,
            0.0,
            16.0,
            16.0
          ]
        },
        "down": {
          "texture": "#2",
          "uv": [
            0.0,
            0.0,
            16.0,
            16.0
          ]
        }
      }
    },
    {
      "name": "Cube",
      "from": [
        0.0,
        9.49999999254942,
        0.0
      ],
      "to": [
        3.0,
        12.49999999254942,
        3.0
      ],
      "faces": {
        "north": {
          "texture": "#3",
          "uv": [
            0.0,
            0.0,
            3.0,
            3.0
          ],
          "cullface": "north"
        },
        "east": {
          "texture": "#3",
          "uv": [
            0.0,
            0.0,
            3.0,
            3.0
          ]
        },
        "south": {
          "texture": "#3",
          "uv": [
            0.0,
            0.0,
            3.0,
            3.0
          ]
        },
        "west": {
          "texture": "#3",
          "uv": [
            0.0,
            0.0,
            3.0,
            3.0
          ],
          "cullface": "west"
        },
        "up": {
          "texture": "#3",
          "uv": [
            0.0,
            0.0,
            3.0,
            3.0
          ],
          "cullface": "up"
        },
        "down": {
          "texture": "#3",
          "uv": [
            0.0,
            0.0,
            3.0,
            3.0
          ]
        }
      }
    },
    {
      "name": "Cube",
      "from": [
        13.0,
        9.49999999254942,
        0.0
      ],
      "to": [
        16.0,
        12.49999999254942,
        3.0
      ],
      "faces": {
        "north": {
          "texture": "#3",
          "uv": [
            0.0,
            0.0,
            3.0,
            3.0
          ],
          "cullface": "north"
        },
        "east": {
          "texture": "#3",
          "uv": [
            0.0,
            0.0,
            3.0,
            3.0
          ],
          "cullface": "east"
        },
        "south": {
          "texture": "#3",
          "uv": [
            0.0,
            0.0,
            3.0,
            3.0
          ]
        },
        "west": {
          "texture": "#3",
          "uv": [
            0.0,
            0.0,
            3.0,
            3.0
          ]
        },
        "up": {
          "texture": "#3",
          "uv": [
            0.0,
            0.0,
            3.0,
            3.0
          ],
          "cullface": "up"
        },
        "down": {
          "texture": "#3",
          "uv": [
            0.0,
            0.0,
            3.0,
            3.0
          ]
        }
      }
    },
    {
      "name": "Cube",
      "from": [
        13.0,
        9.49999999254942,
        13.0
      ],
      "to": [
        16.0,
        12.49999999254942,
        16.0
      ],
      "faces": {
        "north": {
          "texture": "#3",
          "uv": [
            0.0,
            0.0,
            3.0,
            3.0
          ]
        },
        "east": {
          "texture": "#3",
          "uv": [
            0.0,
            0.0,
            3.0,
            3.0
          ],
          "cullface": "east"
        },
        "south": {
          "texture": "#3",
          "uv": [
            0.0,
            0.0,
            3.0,
            3.0
          ],
          "cullface": "south"
        },
        "west": {
          "texture": "#3",
          "uv": [
            0.0,
            0.0,
            3.0,
            3.0
          ]
        },
        "up": {
          "texture": "#3",
          "uv": [
            0.0,
            0.0,
            3.0,
            3.0
          ],
          "cullface": "up"
        },
        "down": {
          "texture": "#3",
          "uv": [
            0.0,
            0.0,
            3.0,
            3.0
          ]
        }
      }
    },
    {
      "name": "Cube",
      "from": [
        0.0,
        9.49999999254942,
        13.0
      ],
      "to": [
        3.0,
        12.49999999254942,
        16.0
      ],
      "faces": {
        "north": {
          "texture": "#3",
          "uv": [
            0.0,
            0.0,
            3.0,
            3.0
          ]
        },
        "east": {
          "texture": "#3",
          "uv": [
            0.0,
            0.0,
            3.0,
            3.0
          ]
        },
        "south": {
          "texture": "#3",
          "uv": [
            0.0,
            0.0,
            3.0,
            3.0
          ],
          "cullface": "south"
        },
        "west": {
          "texture": "#3",
          "uv": [
            0.0,
            0.0,
            3.0,
            3.0
          ],
          "cullface": "west"
        },
        "up": {
          "texture": "#3",
          "uv": [
            0.0,
            0.0,
            3.0,
            3.0
          ],
          "cullface": "up"
        },
        "down": {
          "texture": "#3",
          "uv": [
            0.0,
            0.0,
            3.0,
            3.0
          ]
        }
      }
    },
    {
      "name": "Cube",
      "from": [
        6.0,
        0.0,
        6.0
      ],
      "to": [
        10.0,
        8.0,
        10.0
      ],
      "faces": {
        "north": {
          "texture": "#4",
          "uv": [
            0.0,
            0.0,
            4.0,
            8.0
          ]
        },
        "east": {
          "texture": "#4",
          "uv": [
            0.0,
            0.0,
            4.0,
            8.0
          ]
        },
        "south": {
          "texture": "#4",
          "uv": [
            0.0,
            0.0,
            4.0,
            8.0
          ]
        },
        "west": {
          "texture": "#4",
          "uv": [
            0.0,
            0.0,
            4.0,
            8.0
          ]
        },
        "up": {
          "texture": "#-1",
          "uv": [
            0.0,
            0.0,
            4.0,
            4.0
          ]
        },
        "down": {
          "texture": "#4",
          "uv": [
            0.0,
            0.0,
            4.0,
            4.0
          ],
          "cullface": "down"
        }
      }
    },
    {
      "name": "Cube",
      "from": [
        5.0,
        1.0,
        5.0
      ],
      "to": [
        11.0,
        2.0,
        11.0
      ],
      "faces": {
        "north": {
          "texture": "#5",
          "uv": [
            7.0,
            12.0,
            13.0,
            13.0
          ]
        },
        "east": {
          "texture": "#5",
          "uv": [
            3.0,
            4.0,
            9.0,
            5.0
          ]
        },
        "south": {
          "texture": "#5",
          "uv": [
            5.0,
            5.0,
            11.0,
            6.0
          ]
        },
        "west": {
          "texture": "#5",
          "uv": [
            2.0,
            11.0,
            8.0,
            12.0
          ]
        },
        "up": {
          "texture": "#5",
          "uv": [
            5.0,
            5.0,
            11.0,
            11.0
          ]
        },
        "down": {
          "texture": "#5",
          "uv": [
            5.0,
            5.0,
            11.0,
            11.0
          ]
        }
      }
    },
    {
      "name": "Cube",
      "from": [
        5.0,
        0.0,
        5.0
      ],
      "to": [
        6.0,
        1.0,
        6.0
      ],
      "faces": {
        "north": {
          "texture": "#5",
          "uv": [
            3.0,
            2.0,
            4.0,
            3.0
          ]
        },
        "east": {
          "texture": "#5",
          "uv": [
            3.0,
            10.0,
            4.0,
            11.0
          ]
        },
        "south": {
          "texture": "#5",
          "uv": [
            9.0,
            2.0,
            10.0,
            3.0
          ]
        },
        "west": {
          "texture": "#5",
          "uv": [
            2.0,
            4.0,
            3.0,
            5.0
          ]
        },
        "up": {
          "texture": "#-1",
          "uv": [
            0.0,
            0.0,
            1.0,
            1.0
          ]
        },
        "down": {
          "texture": "#5",
          "uv": [
            2.0,
            2.0,
            3.0,
            3.0
          ],
          "cullface": "down"
        }
      }
    },
    {
      "name": "Cube",
      "from": [
        10.0,
        0.0,
        5.0
      ],
      "to": [
        11.0,
        1.0,
        6.0
      ],
      "faces": {
        "north": {
          "texture": "#5",
          "uv": [
            3.0,
            3.0,
            4.0,
            4.0
          ]
        },
        "east": {
          "texture": "#5",
          "uv": [
            2.0,
            3.0,
            3.0,
            4.0
          ]
        },
        "south": {
          "texture": "#5",
          "uv": [
            5.0,
            3.0,
            6.0,
            4.0
          ]
        },
        "west": {
          "texture": "#5",
          "uv": [
            5.0,
            5.0,
            6.0,
            6.0
          ]
        },
        "up": {
          "texture": "#-1",
          "uv": [
            2.0,
            6.0,
            3.0,
            7.0
          ]
        },
        "down": {
          "texture": "#5",
          "uv": [
            0.0,
            0.0,
            1.0,
            1.0
          ],
          "cullface": "down"
        }
      }
    },
    {
      "name": "Cube",
      "from": [
        10.0,
        0.0,
        10.0
      ],
      "to": [
        11.0,
        1.0,
        11.0
      ],
      "faces": {
        "north": {
          "texture": "#5",
          "uv": [
            9.0,
            5.0,
            10.0,
            6.0
          ]
        },
        "east": {
          "texture": "#5",
          "uv": [
            1.0,
            8.0,
            2.0,
            9.0
          ]
        },
        "south": {
          "texture": "#5",
          "uv": [
            6.0,
            3.0,
            7.0,
            4.0
          ]
        },
        "west": {
          "texture": "#5",
          "uv": [
            4.0,
            4.0,
            5.0,
            5.0
          ]
        },
        "up": {
          "texture": "#-1",
          "uv": [
            0.0,
            0.0,
            1.0,
            1.0
          ]
        },
        "down": {
          "texture": "#5",
          "uv": [
            7.0,
            6.0,
            8.0,
            7.0
          ],
          "cullface": "down"
        }
      }
    },
    {
      "name": "Cube",
      "from": [
        5.0,
        0.0,
        10.0
      ],
      "to": [
        6.0,
        1.0,
        11.0
      ],
      "faces": {
        "north": {
          "texture": "#5",
          "uv": [
            5.0,
            7.0,
            6.0,
            8.0
          ]
        },
        "east": {
          "texture": "#5",
          "uv": [
            7.0,
            3.0,
            8.0,
            4.0
          ]
        },
        "south": {
          "texture": "#5",
          "uv": [
            5.0,
            8.0,
            6.0,
            9.0
          ]
        },
        "west": {
          "texture": "#5",
          "uv": [
            5.0,
            3.0,
            6.0,
            4.0
          ]
        },
        "up": {
          "texture": "#-1",
          "uv": [
            0.0,
            0.0,
            1.0,
            1.0
          ]
        },
        "down": {
          "texture": "#5",
          "uv": [
            3.0,
            4.0,
            4.0,
            5.0
          ],
          "cullface": "down"
        }
      }
    }
  ]
}
