{
  "__comment": "Model_generated_using_MrCrayfish\u0027s_Model_Creator_(http://mrcrayfish.com/modelcreator/)",
  "display": {
    "gui": {
      "rotation": [
        30,
        135,
        0
      ],
      "translation": [
        0,
        0,
        0
      ],
      "scale": [
        0.625,
        0.625,
        0.625
      ]
    },
    "head": {
      "rotation": [
        0,
        -90,
        0
      ],
      "translation": [
        0,
        0,
        0
      ],
      "scale": [
        1,
        1,
        1
      ]
    },
    "ground": {
      "rotation": [
        0,
        0,
        0
      ],
      "translation": [
        0,
        3,
        0
      ],
      "scale": [
        0.25,
        0.25,
        0.25
      ]
    },
    "fixed": {
      "rotation": [
        0,
        0,
        0
      ],
      "translation": [
        0,
        0,
        0
      ],
      "scale": [
        0.5,
        0.5,
        0.5
      ]
    },
    "thirdperson_righthand": {
      "rotation": [
        75,
        45,
        0
      ],
      "translation": [
        0,
        2.5,
        0
      ],
      "scale": [
        0.375,
        0.375,
        0.375
      ]
    },
    "firstperson_righthand": {
      "rotation": [
        0,
        45,
        0
      ],
      "translation": [
        0,
        0,
        0
      ],
      "scale": [
        0.40,
        0.40,
        0.40
      ]
    },
    "firstperson_lefthand": {
      "rotation": [
        0,
        225,
        0
      ],
      "translation": [
        0,
        0,
        0
      ],
      "scale": [
        0.40,
        0.40,
        0.40
      ]
    }
  },
  "textures": {
    "particle": "block/furnace_front",
    "0": "block/furnace_front",
    "1": "block/furnace_top",
    "2": "block/furnace_side"
  },
  "elements": [
    {
      "name": "Cube",
      "from": [
        0.0,
        0.0,
        0.0
      ],
      "to": [
        4.0,
        16.0,
        16.0
      ],
      "faces": {
        "north": {
          "texture": "#0",
          "uv": [
            12.0,
            0.0,
            16.0,
            16.0
          ]
        },
        "east": {
          "texture": "#1",
          "uv": [
            -3.0,
            0.0,
            13.0,
            16.0
          ]
        },
        "south": {
          "texture": "#2",
          "uv": [
            0.0,
            0.0,
            4.0,
            16.0
          ]
        },
        "west": {
          "texture": "#2",
          "uv": [
            0.0,
            0.0,
            16.0,
            16.0
          ]
        },
        "up": {
          "texture": "#1",
          "uv": [
            12.0,
            0.0,
            16.0,
            16.0
          ],
          "rotation": 180
        },
        "down": {
          "texture": "#1",
          "uv": [
            12.0,
            0.0,
            16.0,
            16.0
          ],
          "rotation": 180
        }
      }
    },
    {
      "name": "Cube",
      "from": [
        12.0,
        0.0,
        0.0
      ],
      "to": [
        16.0,
        16.0,
        16.0
      ],
      "faces": {
        "north": {
          "texture": "#0",
          "uv": [
            0.0,
            0.0,
            4.0,
            16.0
          ]
        },
        "east": {
          "texture": "#2",
          "uv": [
            0.0,
            0.0,
            16.0,
            16.0
          ]
        },
        "south": {
          "texture": "#2",
          "uv": [
            12.0,
            0.0,
            16.0,
            16.0
          ]
        },
        "west": {
          "texture": "#2",
          "uv": [
            0.0,
            0.0,
            16.0,
            16.0
          ]
        },
        "up": {
          "texture": "#1",
          "uv": [
            0.0,
            0.0,
            4.0,
            16.0
          ],
          "rotation": 180
        },
        "down": {
          "texture": "#1",
          "uv": [
            0.0,
            0.0,
            4.0,
            16.0
          ],
          "rotation": 180
        }
      }
    },
    {
      "name": "Cube",
      "from": [
        4.0,
        0.0,
        0.0
      ],
      "to": [
        12.0,
        4.0,
        16.0
      ],
      "faces": {
        "north": {
          "texture": "#0",
          "uv": [
            4.0,
            12.0,
            12.0,
            16.0
          ]
        },
        "east": {
          "texture": "#-1",
          "uv": [
            0.0,
            0.0,
            16.0,
            4.0
          ]
        },
        "south": {
          "texture": "#2",
          "uv": [
            3.0,
            12.0,
            11.0,
            16.0
          ]
        },
        "west": {
          "texture": "#-1",
          "uv": [
            0.0,
            0.0,
            16.0,
            4.0
          ]
        },
        "up": {
          "texture": "#1",
          "uv": [
            4.0,
            4.0,
            12.0,
            20.0
          ]
        },
        "down": {
          "texture": "#1",
          "uv": [
            4.0,
            0.0,
            12.0,
            16.0
          ],
          "rotation": 180
        }
      }
    },
    {
      "name": "Cube",
      "from": [
        4.0,
        7.0,
        0.0
      ],
      "to": [
        12.0,
        16.0,
        16.0
      ],
      "faces": {
        "north": {
          "texture": "#0",
          "uv": [
            4.0,
            0.0,
            12.0,
            9.0
          ]
        },
        "east": {
          "texture": "#-1",
          "uv": [
            0.0,
            0.0,
            16.0,
            9.0
          ]
        },
        "south": {
          "texture": "#2",
          "uv": [
            4.0,
            0.0,
            11.999999999999996,
            9.0
          ]
        },
        "west": {
          "texture": "#-1",
          "uv": [
            0.0,
            0.0,
            16.0,
            9.0
          ]
        },
        "up": {
          "texture": "#1",
          "uv": [
            4.0,
            0.0,
            12.0,
            16.0
          ],
          "rotation": 180
        },
        "down": {
          "texture": "#1",
          "uv": [
            4.0,
            -4.0,
            12.0,
            12.0
          ]
        }
      }
    },
    {
      "name": "Cube",
      "from": [
        4.0,
        4.0,
        4.0
      ],
      "to": [
        12.0,
        7.0,
        16.0
      ],
      "faces": {
        "north": {
          "texture": "#0",
          "uv": [
            4.0,
            9.0,
            12.0,
            12.0
          ]
        },
        "east": {
          "texture": "#-1",
          "uv": [
            0.0,
            0.0,
            9.0,
            3.0
          ]
        },
        "south": {
          "texture": "#2",
          "uv": [
            4.0,
            9.0,
            12.0,
            12.0
          ]
        },
        "west": {
          "texture": "#-1",
          "uv": [
            0.0,
            0.0,
            9.0,
            3.0
          ]
        },
        "up": {
          "texture": "#-1",
          "uv": [
            0.0,
            0.0,
            8.0,
            9.0
          ]
        },
        "down": {
          "texture": "#-1",
          "uv": [
            0.0,
            0.0,
            8.0,
            9.0
          ]
        }
      }
    }
  ]
}
