{
  "__comment": "Model_generated_using_MrCrayfish\u0027s_Model_Creator_(http://mrcrayfish.com/modelcreator/)",
  "display": {
    "gui": {
      "rotation": [
        30,
        135,
        0
      ],
      "translation": [
        0,
        0,
        0
      ],
      "scale": [
        0.625,
        0.625,
        0.625
      ]
    },
    "head": {
      "rotation": [
        0,
        -90,
        0
      ],
      "translation": [
        0,
        0,
        0
      ],
      "scale": [
        1,
        1,
        1
      ]
    },
    "ground": {
      "rotation": [
        0,
        0,
        0
      ],
      "translation": [
        0,
        3,
        0
      ],
      "scale": [
        0.25,
        0.25,
        0.25
      ]
    },
    "fixed": {
      "rotation": [
        0,
        0,
        0
      ],
      "translation": [
        0,
        0,
        0
      ],
      "scale": [
        0.5,
        0.5,
        0.5
      ]
    },
    "thirdperson_righthand": {
      "rotation": [
        75,
        45,
        0
      ],
      "translation": [
        0,
        2.5,
        0
      ],
      "scale": [
        0.375,
        0.375,
        0.375
      ]
    },
    "firstperson_righthand": {
      "rotation": [
        0,
        45,
        0
      ],
      "translation": [
        0,
        0,
        0
      ],
      "scale": [
        0.40,
        0.40,
        0.40
      ]
    },
    "firstperson_lefthand": {
      "rotation": [
        0,
        225,
        0
      ],
      "translation": [
        0,
        0,
        0
      ],
      "scale": [
        0.40,
        0.40,
        0.40
      ]
    }
  },
  "textures": {
    "particle": "block/hay_block_side",
    "0": "block/hay_block_side",
    "1": "block/hay_block_top"
  },
  "elements": [
    {
      "name": "Cube",
      "from": [
        0.0,
        0.0,
        0.0
      ],
      "to": [
        16.0,
        16.0,
        16.0
      ],
      "faces": {
        "north": {
          "texture": "#0",
          "uv": [
            0.0,
            0.0,
            16.0,
            16.0
          ],
          "rotation": 90
        },
        "east": {
          "texture": "#1",
          "uv": [
            0.0,
            0.0,
            16.0,
            16.0
          ]
        },
        "south": {
          "texture": "#0",
          "uv": [
            0.0,
            0.0,
            16.0,
            16.0
          ],
          "rotation": 90
        },
        "west": {
          "texture": "#1",
          "uv": [
            0.0,
            0.0,
            16.0,
            16.0
          ]
        },
        "up": {
          "texture": "#0",
          "uv": [
            0.0,
            0.0,
            16.0,
            16.0
          ],
          "rotation": 90
        },
        "down": {
          "texture": "#0",
          "uv": [
            0.0,
            0.0,
            16.0,
            16.0
          ],
          "rotation": 90
        }
      }
    },
    {
      "name": "Cube",
      "from": [
        2.5000000074505806,
        -0.19999998807907104,
        -0.20000000298023224
      ],
      "to": [
        3.5000000074505806,
        16.200000017881393,
        16.200000002980232
      ],
      "faces": {
        "north": {
          "texture": "#0",
          "uv": [
            0.0,
            2.4999999999999996,
            16.0,
            3.4999999999999996
          ],
          "rotation": 90
        },
        "east": {
          "texture": "#0",
          "uv": [
            0.0,
            2.5000000000000004,
            16.400000005960464,
            3.500000005960464
          ]
        },
        "south": {
          "texture": "#0",
          "uv": [
            0.0,
            3.5000000000000004,
            16.0,
            2.5000000000000004
          ],
          "rotation": 90
        },
        "west": {
          "texture": "#0",
          "uv": [
            0.0,
            2.5000000000000004,
            16.0,
            3.5000000000000004
          ]
        },
        "up": {
          "texture": "#0",
          "uv": [
            0.0,
            2.5000000000000004,
            16.0,
            3.3000000000000003
          ],
          "rotation": 90
        },
        "down": {
          "texture": "#0",
          "uv": [
            0.0,
            2.5000000000000004,
            16.0,
            3.3
          ],
          "rotation": 90
        }
      }
    },
    {
      "name": "Cube",
      "from": [
        12.49999999254942,
        -0.20000000298023224,
        -0.20000000298023224
      ],
      "to": [
        13.49999999254942,
        16.200000002980232,
        16.200000002980232
      ],
      "faces": {
        "north": {
          "texture": "#0",
          "uv": [
            0.0,
            2.4999999999999996,
            16.0,
            3.4999999999999996
          ],
          "rotation": 90
        },
        "east": {
          "texture": "#0",
          "uv": [
            0.0,
            2.5000000000000004,
            16.00000000596046,
            3.500000005960464
          ],
          "rotation": 90
        },
        "south": {
          "texture": "#0",
          "uv": [
            0.0,
            2.5000000000000004,
            16.0,
            3.5000000000000004
          ],
          "rotation": 90
        },
        "west": {
          "texture": "#0",
          "uv": [
            0.0,
            2.5000000000000004,
            16.0,
            3.5000000000000004
          ]
        },
        "up": {
          "texture": "#0",
          "uv": [
            0.0,
            2.5000000000000004,
            16.0,
            3.3000000000000003
          ],
          "rotation": 90
        },
        "down": {
          "texture": "#0",
          "uv": [
            0.0,
            2.5000000000000004,
            16.0,
            3.3
          ],
          "rotation": 90
        }
      }
    }
  ]
}
