{
  "__comment": "Model_generated_using_MrCrayfish\u0027s_Model_Creator_(http://mrcrayfish.com/modelcreator/)",
  "display": {
    "gui": {
      "rotation": [
        30,
        135,
        0
      ],
      "translation": [
        0,
        0,
        0
      ],
      "scale": [
        0.625,
        0.625,
        0.625
      ]
    },
    "head": {
      "rotation": [
        0,
        -90,
        0
      ],
      "translation": [
        0,
        0,
        0
      ],
      "scale": [
        1,
        1,
        1
      ]
    },
    "ground": {
      "rotation": [
        0,
        0,
        0
      ],
      "translation": [
        0,
        3,
        0
      ],
      "scale": [
        0.25,
        0.25,
        0.25
      ]
    },
    "fixed": {
      "rotation": [
        0,
        0,
        0
      ],
      "translation": [
        0,
        0,
        0
      ],
      "scale": [
        0.5,
        0.5,
        0.5
      ]
    },
    "thirdperson_righthand": {
      "rotation": [
        75,
        45,
        0
      ],
      "translation": [
        0,
        2.5,
        0
      ],
      "scale": [
        0.375,
        0.375,
        0.375
      ]
    },
    "firstperson_righthand": {
      "rotation": [
        0,
        45,
        0
      ],
      "translation": [
        0,
        0,
        0
      ],
      "scale": [
        0.40,
        0.40,
        0.40
      ]
    },
    "firstperson_lefthand": {
      "rotation": [
        0,
        225,
        0
      ],
      "translation": [
        0,
        0,
        0
      ],
      "scale": [
        0.40,
        0.40,
        0.40
      ]
    }
  },
  "textures": {
    "particle": "block/jukebox_top",
    "0": "block/ladder_part",
    "1": "block/oak_planks",
    "2": "block/jukebox_top",
    "3": "block/jukebox_side"
  },
  "elements": [
    {
      "name": "Cube",
      "from": [
        0.0,
        0.0,
        0.0
      ],
      "to": [
        1.0,
        16.0,
        1.0
      ],
      "faces": {
        "north": {
          "texture": "#0",
          "uv": [
            0.0,
            0.0,
            1.0,
            16.0
          ]
        },
        "east": {
          "texture": "#0",
          "uv": [
            0.0,
            0.0,
            1.0,
            16.0
          ]
        },
        "south": {
          "texture": "#0",
          "uv": [
            0.0,
            0.0,
            1.0,
            16.0
          ]
        },
        "west": {
          "texture": "#0",
          "uv": [
            0.0,
            0.0,
            1.0,
            16.0
          ]
        },
        "up": {
          "texture": "#0",
          "uv": [
            0.0,
            0.0,
            1.0,
            1.0
          ]
        },
        "down": {
          "texture": "#0",
          "uv": [
            0.0,
            0.0,
            1.0,
            1.0
          ]
        }
      }
    },
    {
      "name": "Cube",
      "from": [
        15.0,
        0.0,
        0.0
      ],
      "to": [
        16.0,
        16.0,
        1.0
      ],
      "faces": {
        "north": {
          "texture": "#0",
          "uv": [
            0.0,
            0.0,
            1.0,
            16.0
          ]
        },
        "east": {
          "texture": "#0",
          "uv": [
            0.0,
            0.0,
            1.0,
            16.0
          ],
          "rotation": 180
        },
        "south": {
          "texture": "#0",
          "uv": [
            0.0,
            0.0,
            1.0,
            16.0
          ]
        },
        "west": {
          "texture": "#0",
          "uv": [
            0.0,
            0.0,
            1.0,
            16.0
          ]
        },
        "up": {
          "texture": "#0",
          "uv": [
            0.0,
            0.0,
            1.0,
            1.0
          ]
        },
        "down": {
          "texture": "#0",
          "uv": [
            0.0,
            0.0,
            1.0,
            1.0
          ]
        }
      }
    },
    {
      "name": "Cube",
      "from": [
        15.0,
        0.0,
        15.0
      ],
      "to": [
        16.0,
        16.0,
        16.0
      ],
      "faces": {
        "north": {
          "texture": "#0",
          "uv": [
            0.0,
            0.0,
            1.0,
            16.0
          ]
        },
        "east": {
          "texture": "#0",
          "uv": [
            0.0,
            0.0,
            1.0,
            16.0
          ]
        },
        "south": {
          "texture": "#0",
          "uv": [
            0.0,
            0.0,
            1.0,
            16.0
          ]
        },
        "west": {
          "texture": "#0",
          "uv": [
            0.0,
            0.0,
            1.0,
            16.0
          ]
        },
        "up": {
          "texture": "#0",
          "uv": [
            0.0,
            0.0,
            1.0,
            1.0
          ]
        },
        "down": {
          "texture": "#0",
          "uv": [
            0.0,
            0.0,
            1.0,
            1.0
          ]
        }
      }
    },
    {
      "name": "Cube",
      "from": [
        0.0,
        0.0,
        15.0
      ],
      "to": [
        1.0,
        16.0,
        16.0
      ],
      "faces": {
        "north": {
          "texture": "#0",
          "uv": [
            0.0,
            0.0,
            1.0,
            16.0
          ]
        },
        "east": {
          "texture": "#0",
          "uv": [
            0.0,
            0.0,
            1.0,
            16.0
          ]
        },
        "south": {
          "texture": "#0",
          "uv": [
            0.0,
            0.0,
            1.0,
            16.0
          ]
        },
        "west": {
          "texture": "#0",
          "uv": [
            0.0,
            0.0,
            1.0,
            16.0
          ]
        },
        "up": {
          "texture": "#0",
          "uv": [
            0.0,
            0.0,
            1.0,
            1.0
          ]
        },
        "down": {
          "texture": "#0",
          "uv": [
            0.0,
            0.0,
            1.0,
            1.0
          ]
        }
      }
    },
    {
      "name": "Cube",
      "from": [
        1.0,
        15.0,
        0.0
      ],
      "to": [
        15.0,
        16.0,
        1.0
      ],
      "faces": {
        "north": {
          "texture": "#0",
          "uv": [
            0.0,
            1.0,
            1.0,
            15.0
          ],
          "rotation": 90
        },
        "east": {
          "texture": "#0",
          "uv": [
            0.0,
            0.0,
            1.0,
            1.0
          ]
        },
        "south": {
          "texture": "#0",
          "uv": [
            0.0,
            1.0,
            1.0,
            15.0
          ],
          "rotation": 90
        },
        "west": {
          "texture": "#0",
          "uv": [
            0.0,
            0.0,
            1.0,
            1.0
          ]
        },
        "up": {
          "texture": "#0",
          "uv": [
            0.0,
            1.0,
            1.0,
            15.0
          ],
          "rotation": 90
        },
        "down": {
          "texture": "#0",
          "uv": [
            0.0,
            1.0,
            1.0,
            15.0
          ],
          "rotation": 90
        }
      }
    },
    {
      "name": "Cube",
      "from": [
        1.0,
        0.0,
        0.0
      ],
      "to": [
        15.0,
        1.0,
        1.0
      ],
      "faces": {
        "north": {
          "texture": "#0",
          "uv": [
            0.0,
            1.0,
            1.0,
            15.0
          ],
          "rotation": 90
        },
        "east": {
          "texture": "#0",
          "uv": [
            0.0,
            0.0,
            1.0,
            1.0
          ]
        },
        "south": {
          "texture": "#0",
          "uv": [
            0.0,
            1.0,
            1.0,
            15.0
          ],
          "rotation": 90
        },
        "west": {
          "texture": "#0",
          "uv": [
            0.0,
            0.0,
            1.0,
            1.0
          ]
        },
        "up": {
          "texture": "#0",
          "uv": [
            0.0,
            1.0,
            1.0,
            15.0
          ],
          "rotation": 90
        },
        "down": {
          "texture": "#0",
          "uv": [
            0.0,
            1.0,
            1.0,
            15.0
          ],
          "rotation": 90
        }
      }
    },
    {
      "name": "Cube",
      "from": [
        0.0,
        0.0,
        1.0
      ],
      "to": [
        1.0,
        1.0,
        15.0
      ],
      "faces": {
        "north": {
          "texture": "#0",
          "uv": [
            0.0,
            0.0,
            1.0,
            1.0
          ]
        },
        "east": {
          "texture": "#0",
          "uv": [
            0.0,
            1.0,
            1.0,
            15.0
          ],
          "rotation": 90
        },
        "south": {
          "texture": "#0",
          "uv": [
            0.0,
            0.0,
            1.0,
            1.0
          ]
        },
        "west": {
          "texture": "#0",
          "uv": [
            0.0,
            1.0,
            1.0,
            15.0
          ],
          "rotation": 90
        },
        "up": {
          "texture": "#0",
          "uv": [
            0.0,
            0.0,
            1.0,
            14.0
          ]
        },
        "down": {
          "texture": "#0",
          "uv": [
            0.0,
            0.0,
            1.0,
            14.0
          ]
        }
      }
    },
    {
      "name": "Cube",
      "from": [
        0.0,
        15.0,
        1.0
      ],
      "to": [
        1.0,
        16.0,
        15.0
      ],
      "faces": {
        "north": {
          "texture": "#0",
          "uv": [
            0.0,
            0.0,
            1.0,
            1.0
          ]
        },
        "east": {
          "texture": "#0",
          "uv": [
            0.0,
            1.0,
            1.0,
            15.0
          ],
          "rotation": 90
        },
        "south": {
          "texture": "#0",
          "uv": [
            0.0,
            0.0,
            1.0,
            1.0
          ]
        },
        "west": {
          "texture": "#0",
          "uv": [
            0.0,
            1.0,
            1.0,
            15.0
          ],
          "rotation": 90
        },
        "up": {
          "texture": "#0",
          "uv": [
            0.0,
            0.0,
            1.0,
            14.0
          ]
        },
        "down": {
          "texture": "#0",
          "uv": [
            0.0,
            0.0,
            1.0,
            14.0
          ]
        }
      }
    },
    {
      "name": "Cube",
      "from": [
        1.0,
        15.0,
        15.0
      ],
      "to": [
        15.0,
        16.0,
        16.0
      ],
      "faces": {
        "north": {
          "texture": "#0",
          "uv": [
            0.0,
            1.0,
            1.0,
            15.0
          ],
          "rotation": 90
        },
        "east": {
          "texture": "#0",
          "uv": [
            0.0,
            0.0,
            1.0,
            1.0
          ]
        },
        "south": {
          "texture": "#0",
          "uv": [
            0.0,
            1.0,
            1.0,
            15.0
          ],
          "rotation": 90
        },
        "west": {
          "texture": "#0",
          "uv": [
            0.0,
            0.0,
            1.0,
            1.0
          ]
        },
        "up": {
          "texture": "#0",
          "uv": [
            0.0,
            1.0,
            1.0,
            15.0
          ],
          "rotation": 90
        },
        "down": {
          "texture": "#0",
          "uv": [
            0.0,
            1.0,
            1.0,
            15.0
          ],
          "rotation": 90
        }
      }
    },
    {
      "name": "Cube",
      "from": [
        1.0,
        0.0,
        15.0
      ],
      "to": [
        15.0,
        1.0,
        16.0
      ],
      "faces": {
        "north": {
          "texture": "#0",
          "uv": [
            0.0,
            1.0,
            1.0,
            15.0
          ],
          "rotation": 90
        },
        "east": {
          "texture": "#0",
          "uv": [
            0.0,
            0.0,
            1.0,
            1.0
          ]
        },
        "south": {
          "texture": "#0",
          "uv": [
            0.0,
            1.0,
            1.0,
            15.0
          ],
          "rotation": 90
        },
        "west": {
          "texture": "#0",
          "uv": [
            0.0,
            0.0,
            1.0,
            1.0
          ]
        },
        "up": {
          "texture": "#0",
          "uv": [
            0.0,
            1.0,
            1.0,
            15.0
          ],
          "rotation": 90
        },
        "down": {
          "texture": "#0",
          "uv": [
            0.0,
            1.0,
            1.0,
            15.0
          ],
          "rotation": 90
        }
      }
    },
    {
      "name": "Cube",
      "from": [
        15.0,
        0.0,
        1.0
      ],
      "to": [
        16.0,
        1.0,
        15.0
      ],
      "faces": {
        "north": {
          "texture": "#0",
          "uv": [
            0.0,
            0.0,
            1.0,
            1.0
          ]
        },
        "east": {
          "texture": "#0",
          "uv": [
            0.0,
            1.0,
            1.0,
            15.0
          ],
          "rotation": 90
        },
        "south": {
          "texture": "#0",
          "uv": [
            0.0,
            0.0,
            1.0,
            1.0
          ]
        },
        "west": {
          "texture": "#0",
          "uv": [
            0.0,
            1.0,
            1.0,
            15.0
          ],
          "rotation": 90
        },
        "up": {
          "texture": "#0",
          "uv": [
            0.0,
            0.0,
            1.0,
            14.0
          ]
        },
        "down": {
          "texture": "#0",
          "uv": [
            0.0,
            0.0,
            1.0,
            14.0
          ]
        }
      }
    },
    {
      "name": "Cube",
      "from": [
        15.0,
        15.0,
        1.0
      ],
      "to": [
        16.0,
        16.0,
        15.0
      ],
      "faces": {
        "north": {
          "texture": "#-1",
          "uv": [
            0.0,
            1.0,
            1.0,
            3.0
          ],
          "rotation": 90
        },
        "east": {
          "texture": "#0",
          "uv": [
            0.0,
            1.0,
            1.0,
            15.0
          ],
          "rotation": 270
        },
        "south": {
          "texture": "#-1",
          "uv": [
            0.0,
            0.0,
            1.0,
            1.0
          ]
        },
        "west": {
          "texture": "#0",
          "uv": [
            0.0,
            1.0,
            1.0,
            15.0
          ],
          "rotation": 90
        },
        "up": {
          "texture": "#0",
          "uv": [
            0.0,
            1.0,
            1.0,
            15.0
          ]
        },
        "down": {
          "texture": "#0",
          "uv": [
            0.0,
            0.0,
            1.0,
            14.0
          ]
        }
      }
    },
    {
      "name": "Innen",
      "from": [
        1.0,
        1.0,
        1.0
      ],
      "to": [
        15.0,
        15.0,
        15.0
      ],
      "faces": {
        "north": {
          "texture": "#1",
          "uv": [
            1.0,
            1.0,
            15.0,
            15.0
          ],
          "cullface": "north"
        },
        "east": {
          "texture": "#1",
          "uv": [
            1.0,
            1.0,
            15.0,
            15.0
          ],
          "cullface": "east"
        },
        "south": {
          "texture": "#1",
          "uv": [
            1.0,
            1.0,
            15.0,
            15.0
          ],
          "cullface": "south"
        },
        "west": {
          "texture": "#1",
          "uv": [
            1.0,
            1.0,
            15.0,
            15.0
          ],
          "cullface": "west"
        },
        "up": {
          "texture": "#2",
          "uv": [
            1.0,
            1.0,
            15.0,
            15.0
          ],
          "cullface": "up"
        },
        "down": {
          "texture": "#1",
          "uv": [
            1.0,
            1.0,
            15.0,
            15.0
          ],
          "cullface": "down"
        }
      }
    },
    {
      "name": "Cube",
      "from": [
        0.0,
        4.0,
        4.0
      ],
      "to": [
        1.0,
        12.0,
        12.0
      ],
      "faces": {
        "north": {
          "texture": "#3",
          "uv": [
            3.0,
            4.0,
            4.0,
            12.0
          ]
        },
        "south": {
          "texture": "#3",
          "uv": [
            12.0,
            4.0,
            13.0,
            12.0
          ]
        },
        "west": {
          "texture": "#3",
          "uv": [
            4.0,
            4.0,
            12.0,
            12.0
          ]
        },
        "up": {
          "texture": "#3",
          "uv": [
            4.0,
            3.0,
            12.0,
            4.0
          ],
          "rotation": 90
        },
        "down": {
          "texture": "#3",
          "uv": [
            4.0,
            12.0,
            12.0,
            13.0
          ],
          "rotation": 270
        }
      }
    },
    {
      "name": "Cube",
      "from": [
        4.0,
        4.0,
        0.0
      ],
      "to": [
        12.0,
        12.0,
        1.0
      ],
      "faces": {
        "north": {
          "texture": "#3",
          "uv": [
            4.0,
            4.0,
            12.0,
            12.0
          ]
        },
        "east": {
          "texture": "#3",
          "uv": [
            3.0,
            4.0,
            4.0,
            12.0
          ]
        },
        "west": {
          "texture": "#3",
          "uv": [
            12.0,
            4.0,
            13.0,
            12.0
          ]
        },
        "up": {
          "texture": "#3",
          "uv": [
            4.0,
            3.0,
            12.0,
            4.0
          ],
          "rotation": 180
        },
        "down": {
          "texture": "#3",
          "uv": [
            4.0,
            12.0,
            12.0,
            13.0
          ],
          "rotation": 180
        }
      }
    },
    {
      "name": "Cube",
      "from": [
        15.0,
        4.0,
        4.0
      ],
      "to": [
        16.0,
        12.0,
        12.0
      ],
      "faces": {
        "north": {
          "texture": "#3",
          "uv": [
            12.0,
            4.0,
            13.0,
            12.0
          ]
        },
        "east": {
          "texture": "#3",
          "uv": [
            4.0,
            4.0,
            12.0,
            12.0
          ]
        },
        "south": {
          "texture": "#3",
          "uv": [
            3.0,
            4.0,
            4.0,
            12.0
          ]
        },
        "up": {
          "texture": "#3",
          "uv": [
            4.0,
            3.0,
            12.0,
            4.0
          ],
          "rotation": 270
        },
        "down": {
          "texture": "#3",
          "uv": [
            12.0,
            4.0,
            13.0,
            12.0
          ],
          "rotation": 180
        }
      }
    },
    {
      "name": "Cube",
      "from": [
        4.0,
        4.0,
        15.0
      ],
      "to": [
        12.0,
        12.0,
        16.0
      ],
      "faces": {
        "east": {
          "texture": "#3",
          "uv": [
            12.0,
            4.0,
            13.0,
            12.0
          ]
        },
        "south": {
          "texture": "#3",
          "uv": [
            4.0,
            4.0,
            12.0,
            12.0
          ]
        },
        "west": {
          "texture": "#3",
          "uv": [
            3.0,
            4.0,
            4.0,
            12.0
          ]
        },
        "up": {
          "texture": "#3",
          "uv": [
            4.0,
            3.0,
            12.0,
            4.0
          ]
        },
        "down": {
          "texture": "#3",
          "uv": [
            4.0,
            12.0,
            12.0,
            13.0
          ]
        }
      }
    }
  ]
}
