{
  "__comment": "Model_generated_using_MrCrayfish\u0027s_Model_Creator_(http://mrcrayfish.com/modelcreator/)",
  "display": {
    "gui": {
      "rotation": [
        30,
        135,
        0
      ],
      "translation": [
        0,
        0,
        0
      ],
      "scale": [
        0.625,
        0.625,
        0.625
      ]
    },
    "head": {
      "rotation": [
        0,
        -90,
        0
      ],
      "translation": [
        0,
        0,
        0
      ],
      "scale": [
        1,
        1,
        1
      ]
    },
    "ground": {
      "rotation": [
        0,
        0,
        0
      ],
      "translation": [
        0,
        3,
        0
      ],
      "scale": [
        0.25,
        0.25,
        0.25
      ]
    },
    "fixed": {
      "rotation": [
        0,
        0,
        0
      ],
      "translation": [
        0,
        0,
        0
      ],
      "scale": [
        0.5,
        0.5,
        0.5
      ]
    },
    "thirdperson_righthand": {
      "rotation": [
        75,
        45,
        0
      ],
      "translation": [
        0,
        2.5,
        0
      ],
      "scale": [
        0.375,
        0.375,
        0.375
      ]
    },
    "firstperson_righthand": {
      "rotation": [
        0,
        45,
        0
      ],
      "translation": [
        0,
        0,
        0
      ],
      "scale": [
        0.40,
        0.40,
        0.40
      ]
    },
    "firstperson_lefthand": {
      "rotation": [
        0,
        225,
        0
      ],
      "translation": [
        0,
        0,
        0
      ],
      "scale": [
        0.40,
        0.40,
        0.40
      ]
    }
  },
  "textures": {
    "particle": "block/ladder",
    "0": "block/oak_planks",
    "1": "block/ladder_part",
    "2": "block/ladder"
  },
  "elements": [
    {
      "name": "Cube",
      "from": [
        1.0,
        1.0,
        14.0
      ],
      "to": [
        15.0,
        3.0,
        15.0
      ],
      "faces": {
        "north": {
          "texture": "#0",
          "uv": [
            0.0,
            0.0,
            14.0,
            2.0
          ]
        },
        "east": {
          "texture": "#0",
          "uv": [
            0.0,
            0.0,
            1.0,
            2.0
          ]
        },
        "south": {
          "texture": "#0",
          "uv": [
            0.0,
            0.0,
            14.0,
            2.0
          ]
        },
        "west": {
          "texture": "#0",
          "uv": [
            0.0,
            0.0,
            1.0,
            2.0
          ]
        },
        "up": {
          "texture": "#0",
          "uv": [
            0.0,
            0.0,
            14.0,
            1.0
          ]
        },
        "down": {
          "texture": "#0",
          "uv": [
            0.0,
            0.0,
            14.0,
            1.0
          ]
        }
      }
    },
    {
      "name": "Cube",
      "from": [
        1.0,
        5.0,
        14.0
      ],
      "to": [
        15.0,
        7.0,
        15.0
      ],
      "faces": {
        "north": {
          "texture": "#0",
          "uv": [
            0.0,
            0.0,
            14.0,
            2.0
          ]
        },
        "east": {
          "texture": "#0",
          "uv": [
            0.0,
            0.0,
            1.0,
            2.0
          ]
        },
        "south": {
          "texture": "#0",
          "uv": [
            0.0,
            0.0,
            14.0,
            2.0
          ]
        },
        "west": {
          "texture": "#0",
          "uv": [
            0.0,
            0.0,
            1.0,
            2.0
          ]
        },
        "up": {
          "texture": "#0",
          "uv": [
            0.0,
            0.0,
            14.0,
            1.0
          ]
        },
        "down": {
          "texture": "#0",
          "uv": [
            0.0,
            0.0,
            14.0,
            1.0
          ]
        }
      }
    },
    {
      "name": "Cube",
      "from": [
        1.0,
        9.0,
        14.0
      ],
      "to": [
        15.0,
        11.0,
        15.0
      ],
      "faces": {
        "north": {
          "texture": "#0",
          "uv": [
            0.0,
            0.0,
            14.0,
            2.0
          ]
        },
        "east": {
          "texture": "#0",
          "uv": [
            0.0,
            0.0,
            1.0,
            2.0
          ]
        },
        "south": {
          "texture": "#0",
          "uv": [
            0.0,
            0.0,
            14.0,
            2.0
          ]
        },
        "west": {
          "texture": "#0",
          "uv": [
            0.0,
            0.0,
            -1.0,
            2.0
          ]
        },
        "up": {
          "texture": "#0",
          "uv": [
            0.0,
            0.0,
            14.0,
            1.0
          ]
        },
        "down": {
          "texture": "#0",
          "uv": [
            0.0,
            0.0,
            14.0,
            1.0
          ]
        }
      }
    },
    {
      "name": "Cube",
      "from": [
        3.0,
        0.0,
        15.0
      ],
      "to": [
        5.0,
        16.0,
        16.0
      ],
      "faces": {
        "north": {
          "texture": "#1",
          "uv": [
            0.0,
            0.0,
            2.0,
            16.0
          ]
        },
        "east": {
          "texture": "#1",
          "uv": [
            0.0,
            0.0,
            2.0,
            16.0
          ]
        },
        "south": {
          "texture": "#1",
          "uv": [
            0.0,
            0.0,
            2.0,
            16.0
          ]
        },
        "west": {
          "texture": "#1",
          "uv": [
            0.0,
            0.0,
            2.0,
            16.0
          ]
        },
        "up": {
          "texture": "#1",
          "uv": [
            0.0,
            0.0,
            2.0,
            1.0
          ]
        },
        "down": {
          "texture": "#1",
          "uv": [
            0.0,
            0.0,
            2.0,
            1.0
          ]
        }
      }
    },
    {
      "name": "Cube",
      "from": [
        1.0,
        13.0,
        14.0
      ],
      "to": [
        15.0,
        15.0,
        15.0
      ],
      "faces": {
        "north": {
          "texture": "#0",
          "uv": [
            0.0,
            0.0,
            14.0,
            2.0
          ]
        },
        "east": {
          "texture": "#0",
          "uv": [
            0.0,
            0.0,
            1.0,
            2.0
          ]
        },
        "south": {
          "texture": "#0",
          "uv": [
            0.0,
            0.0,
            14.0,
            2.0
          ]
        },
        "west": {
          "texture": "#0",
          "uv": [
            0.0,
            0.0,
            1.0,
            2.0
          ]
        },
        "up": {
          "texture": "#0",
          "uv": [
            0.0,
            0.0,
            14.0,
            1.0
          ]
        },
        "down": {
          "texture": "#0",
          "uv": [
            0.0,
            0.0,
            14.0,
            1.0
          ]
        }
      }
    },
    {
      "name": "Cube",
      "from": [
        11.0,
        0.0,
        15.0
      ],
      "to": [
        13.0,
        16.0,
        16.0
      ],
      "faces": {
        "north": {
          "texture": "#1",
          "uv": [
            0.0,
            0.0,
            2.0,
            16.0
          ]
        },
        "east": {
          "texture": "#1",
          "uv": [
            0.0,
            0.0,
            2.0,
            16.0
          ]
        },
        "south": {
          "texture": "#1",
          "uv": [
            1.1379786002407855E-15,
            0.0,
            1.9999999999999996,
            16.0
          ]
        },
        "west": {
          "texture": "#1",
          "uv": [
            0.0,
            0.0,
            2.0,
            16.0
          ]
        },
        "up": {
          "texture": "#2",
          "uv": [
            3.0,
            12.0,
            5.0,
            13.0
          ]
        },
        "down": {
          "texture": "#2",
          "uv": [
            3.0,
            2.0,
            5.0,
            3.0
          ]
        }
      }
    }
  ]
}
