{
  "__comment": "Model_generated_using_MrCrayfish\u0027s_Model_Creator_(http://mrcrayfish.com/modelcreator/)",
  "ambientocclusion": false,
  "textures": {
    "particle": "block/powered_rail",
    "0": "block/powered_rail",
    "1": "block/rail",
    "2": "block/oak_planks",
    "3": "block/rail_activator_partinactive"
  },
  "elements": [
    {
      "name": "Cube",
      "from": [
        12.300000004470348,
        8.400000005960464,
        -4.800000011920929
      ],
      "to": [
        13.300000004470348,
        9.400000005960464,
        18.19999998807907
      ],
      "shade": false,
      "rotation": {
        "origin": [
          8.0,
          8.0,
          8.0
        ],
        "axis": "x",
        "angle": 45.0
      },
      "faces": {
        "north": {
          "texture": "#0",
          "uv": [
            3.4999999999999996,
            0.0,
            4.5,
            1.0
          ]
        },
        "east": {
          "texture": "#0",
          "uv": [
            3.5000000000000004,
            0.0,
            4.499999999999998,
            16.0
          ],
          "rotation": 90
        },
        "south": {
          "texture": "#0",
          "uv": [
            3.4999999999999996,
            0.0,
            4.5,
            1.0
          ]
        },
        "west": {
          "texture": "#0",
          "uv": [
            4.5,
            0.0,
            3.5,
            16.0
          ],
          "rotation": 90
        },
        "up": {
          "texture": "#0",
          "uv": [
            3.4999999999999996,
            0.0,
            4.5,
            16.0
          ]
        },
        "down": {
          "texture": "#0",
          "uv": [
            3.4999999999999996,
            0.0,
            4.5,
            16.0
          ]
        }
      }
    },
    {
      "name": "Cube",
      "from": [
        2.5999999940395355,
        8.400000005960464,
        -4.800000011920929
      ],
      "to": [
        3.5999999940395355,
        9.400000005960464,
        18.19999998807907
      ],
      "rotation": {
        "origin": [
          8.0,
          8.0,
          8.0
        ],
        "axis": "x",
        "angle": 45.0
      },
      "faces": {
        "north": {
          "texture": "#1",
          "uv": [
            4.5,
            0.5,
            8.500000000000002,
            1.0
          ]
        },
        "east": {
          "texture": "#1",
          "uv": [
            3.5000000000000004,
            0.0,
            4.499999999999998,
            16.0
          ],
          "rotation": 90
        },
        "south": {
          "texture": "#1",
          "uv": [
            3.5000000000000004,
            0.0,
            4.5,
            1.0
          ]
        },
        "west": {
          "texture": "#1",
          "uv": [
            4.4,
            0.0,
            3.5,
            16.0
          ],
          "rotation": 90
        },
        "up": {
          "texture": "#1",
          "uv": [
            4.5,
            0.0,
            3.5000000000000018,
            16.0
          ]
        },
        "down": {
          "texture": "#1",
          "uv": [
            3.4999999999999996,
            0.0,
            4.5,
            16.0
          ]
        }
      }
    },
    {
      "name": "Cube",
      "from": [
        1.0,
        7.0,
        9.600000008940697
      ],
      "to": [
        15.0,
        8.0,
        10.600000008940697
      ],
      "rotation": {
        "origin": [
          8.0,
          8.0,
          8.0
        ],
        "axis": "x",
        "angle": 45.0
      },
      "faces": {
        "north": {
          "texture": "#2",
          "uv": [
            0.0,
            0.0,
            14.0,
            1.0
          ]
        },
        "east": {
          "texture": "#2",
          "uv": [
            0.0,
            0.0,
            1.0,
            1.0
          ]
        },
        "south": {
          "texture": "#2",
          "uv": [
            0.0,
            0.0,
            14.0,
            1.0
          ]
        },
        "west": {
          "texture": "#2",
          "uv": [
            0.0,
            0.0,
            1.0,
            1.0
          ]
        },
        "up": {
          "texture": "#2",
          "uv": [
            0.0,
            0.0,
            14.0,
            1.0
          ]
        },
        "down": {
          "texture": "#2",
          "uv": [
            0.0,
            0.0,
            14.0,
            1.0
          ]
        }
      }
    },
    {
      "name": "Cube",
      "from": [
        1.0,
        7.0,
        -4.0
      ],
      "to": [
        15.0,
        8.0,
        -3.0
      ],
      "rotation": {
        "origin": [
          8.0,
          8.0,
          8.0
        ],
        "axis": "x",
        "angle": 45.0
      },
      "faces": {
        "north": {
          "texture": "#2",
          "uv": [
            0.0,
            0.0,
            14.0,
            1.0
          ]
        },
        "east": {
          "texture": "#2",
          "uv": [
            0.0,
            0.0,
            1.0,
            1.0
          ]
        },
        "south": {
          "texture": "#2",
          "uv": [
            0.0,
            0.0,
            14.0,
            1.0
          ]
        },
        "west": {
          "texture": "#2",
          "uv": [
            0.0,
            0.0,
            1.0,
            1.0
          ]
        },
        "up": {
          "texture": "#2",
          "uv": [
            2.2999999999999994,
            1.0,
            13.800000000000002,
            1.6999999999999997
          ]
        },
        "down": {
          "texture": "#2",
          "uv": [
            0.0,
            0.0,
            14.0,
            1.0
          ]
        }
      }
    },
    {
      "name": "Cube",
      "from": [
        1.0,
        7.0,
        0.19999998807907104
      ],
      "to": [
        15.0,
        8.0,
        1.199999988079071
      ],
      "rotation": {
        "origin": [
          8.0,
          8.0,
          8.0
        ],
        "axis": "x",
        "angle": 45.0
      },
      "faces": {
        "north": {
          "texture": "#2",
          "uv": [
            0.0,
            16.0,
            1.0,
            0.0
          ],
          "rotation": 90
        },
        "east": {
          "texture": "#2",
          "uv": [
            0.0,
            0.0,
            1.0,
            1.0
          ]
        },
        "south": {
          "texture": "#2",
          "uv": [
            0.0,
            0.0,
            14.0,
            1.0
          ]
        },
        "west": {
          "texture": "#2",
          "uv": [
            0.0,
            0.0,
            1.0,
            1.0
          ]
        },
        "up": {
          "texture": "#2",
          "uv": [
            0.0,
            16.0,
            1.0,
            0.0
          ],
          "rotation": 90
        },
        "down": {
          "texture": "#2",
          "uv": [
            0.0,
            0.0,
            14.0,
            1.0
          ]
        }
      }
    },
    {
      "name": "Cube",
      "from": [
        1.0,
        7.0,
        4.399999991059303
      ],
      "to": [
        15.0,
        8.0,
        5.399999991059303
      ],
      "rotation": {
        "origin": [
          8.0,
          8.0,
          8.0
        ],
        "axis": "x",
        "angle": 45.0
      },
      "faces": {
        "north": {
          "texture": "#2",
          "uv": [
            0.0,
            0.0,
            14.0,
            1.0
          ]
        },
        "east": {
          "texture": "#2",
          "uv": [
            0.0,
            0.0,
            1.0,
            1.0
          ]
        },
        "south": {
          "texture": "#2",
          "uv": [
            0.0,
            0.0,
            14.0,
            1.0
          ]
        },
        "west": {
          "texture": "#2",
          "uv": [
            0.0,
            0.0,
            1.0,
            1.0
          ]
        },
        "up": {
          "texture": "#2",
          "uv": [
            0.0,
            0.0,
            14.0,
            1.0
          ]
        },
        "down": {
          "texture": "#2",
          "uv": [
            0.0,
            0.0,
            14.0,
            1.0
          ]
        }
      }
    },
    {
      "name": "Cube",
      "from": [
        1.0,
        7.0,
        14.799999997019768
      ],
      "to": [
        15.0,
        8.0,
        15.799999997019768
      ],
      "rotation": {
        "origin": [
          8.0,
          8.0,
          8.0
        ],
        "axis": "x",
        "angle": 45.0
      },
      "faces": {
        "north": {
          "texture": "#2",
          "uv": [
            0.0,
            0.0,
            14.0,
            1.0
          ]
        },
        "east": {
          "texture": "#2",
          "uv": [
            0.0,
            0.0,
            1.0,
            1.0
          ]
        },
        "south": {
          "texture": "#2",
          "uv": [
            0.0,
            0.0,
            14.0,
            1.0
          ]
        },
        "west": {
          "texture": "#2",
          "uv": [
            0.0,
            0.0,
            1.0,
            1.0
          ]
        },
        "up": {
          "texture": "#2",
          "uv": [
            0.0,
            0.0,
            14.0,
            1.0
          ]
        },
        "down": {
          "texture": "#2",
          "uv": [
            0.0,
            0.0,
            14.0,
            1.0
          ]
        }
      }
    },
    {
      "name": "Cube",
      "from": [
        7.0,
        7.100000001490116,
        -4.899999998509884
      ],
      "to": [
        9.0,
        7.499999992549419,
        19.599999994039536
      ],
      "rotation": {
        "origin": [
          8.0,
          8.0,
          8.0
        ],
        "axis": "x",
        "angle": 45.0
      },
      "faces": {
        "north": {
          "texture": "#3",
          "uv": [
            0.0,
            0.0,
            1.5999999999999996,
            0.3999999910593033
          ]
        },
        "east": {
          "texture": "#3",
          "uv": [
            2.0,
            16.0,
            1.3999999999999986,
            0.0
          ],
          "rotation": 90
        },
        "south": {
          "texture": "#3",
          "uv": [
            0.0,
            2.0,
            1.5000000000000009,
            2.3999999910593033
          ]
        },
        "west": {
          "texture": "#3",
          "uv": [
            0.0,
            16.0,
            1.3999999925494162,
            -8.940696710757479E-9
          ],
          "rotation": 90
        },
        "up": {
          "texture": "#3",
          "uv": [
            0.0,
            0.0,
            1.5000000000000009,
            16.0
          ]
        },
        "down": {
          "texture": "#3",
          "uv": [
            0.0,
            -1.0824674490095276E-15,
            1.4999999999999973,
            15.999999999999995
          ]
        }
      }
    },
    {
      "name": "Cube",
      "from": [
        4.100000001490116,
        8.0,
        -3.4999999925494194
      ],
      "to": [
        5.100000001490116,
        8.49999999254942,
        18.50000000745058
      ],
      "rotation": {
        "origin": [
          8.0,
          8.0,
          8.0
        ],
        "axis": "x",
        "angle": 45.0
      },
      "faces": {
        "north": {
          "texture": "#0",
          "uv": [
            4.500000000000002,
            3.1,
            5.600000000000001,
            3.2999999925494192
          ]
        },
        "east": {
          "texture": "#0",
          "uv": [
            4.499999999999998,
            15.499999999999998,
            5.6,
            0.4999999925494176
          ],
          "rotation": 90
        },
        "south": {
          "texture": "#0",
          "uv": [
            4.499999999999998,
            3.1,
            5.599999999999998,
            3.099999992549419
          ]
        },
        "west": {
          "texture": "#0",
          "uv": [
            4.499999999999998,
            15.499999999999998,
            5.6,
            0.4999999925494176
          ],
          "rotation": 90
        },
        "up": {
          "texture": "#0",
          "uv": [
            4.499999999999998,
            0.5,
            5.599999999999998,
            15.5
          ]
        },
        "down": {
          "texture": "#0",
          "uv": [
            4.499999999999998,
            0.49999999999999967,
            5.599999999999998,
            15.499999999999998
          ]
        }
      }
    },
    {
      "name": "Cube",
      "from": [
        10.799999997019768,
        8.0,
        -3.4999999925494194
      ],
      "to": [
        11.799999997019768,
        8.49999999254942,
        18.50000000745058
      ],
      "rotation": {
        "origin": [
          8.0,
          8.0,
          8.0
        ],
        "axis": "x",
        "angle": 45.0
      },
      "faces": {
        "north": {
          "texture": "#0",
          "uv": [
            4.499999999999998,
            5.1,
            5.599999999999998,
            5.599999992549419
          ]
        },
        "east": {
          "texture": "#0",
          "uv": [
            4.500000000000002,
            15.499999999999998,
            5.600000000000001,
            0.4999999925494194
          ],
          "rotation": 90
        },
        "south": {
          "texture": "#0",
          "uv": [
            4.500000000000002,
            3.1,
            5.600000000000001,
            3.5999999925494195
          ]
        },
        "west": {
          "texture": "#0",
          "uv": [
            4.600000000000001,
            15.499999999999998,
            5.600000000000001,
            0.4999999925494194
          ],
          "rotation": 90
        },
        "up": {
          "texture": "#0",
          "uv": [
            4.500000000000002,
            0.5,
            5.600000000000001,
            15.499999999999998
          ]
        },
        "down": {
          "texture": "#0",
          "uv": [
            4.500000000000002,
            0.5000000000000001,
            5.599999999999998,
            15.500000000000002
          ]
        }
      }
    }
  ]
}
