{
  "__comment": "Model_generated_using_MrCrayfish\u0027s_Model_Creator_(http://mrcrayfish.com/modelcreator/)",
  "textures": {
    "particle": "block/rail_corner",
    "0": "block/rail",
    "1": "block/oak_planks"
  },
  "elements": [
    {
      "name": "Cube",
      "from": [
        14.0,
        1.0,
        12.299999989569187
      ],
      "to": [
        16.0,
        2.0,
        13.299999989569187
      ],
      "faces": {
        "north": {
          "texture": "#0",
          "uv": [
            3.4999999999999996,
            0.0,
            4.5,
            2.0
          ],
          "rotation": 90
        },
        "east": {
          "texture": "#0",
          "uv": [
            3.5000000000000004,
            0.0,
            4.499999999999998,
            16.0
          ]
        },
        "south": {
          "texture": "#0",
          "uv": [
            3.4999999999999996,
            0.0,
            4.5,
            2.0
          ],
          "rotation": 90
        },
        "west": {
          "texture": "#0",
          "uv": [
            4.5,
            0.0,
            3.5,
            16.0
          ],
          "rotation": 90
        },
        "up": {
          "texture": "#0",
          "uv": [
            3.4999999999999996,
            0.0,
            4.5,
            2.0
          ],
          "rotation": 90
        },
        "down": {
          "texture": "#0",
          "uv": [
            3.4999999999999996,
            0.0,
            4.5,
            16.0
          ]
        }
      }
    },
    {
      "name": "Cube",
      "from": [
        9.0,
        1.0,
        4.600000008940697
      ],
      "to": [
        14.0,
        2.0,
        5.600000008940697
      ],
      "rotation": {
        "origin": [
          8.0,
          8.0,
          8.0
        ],
        "axis": "y",
        "angle": 22.5
      },
      "faces": {
        "north": {
          "texture": "#0",
          "uv": [
            3.5000000000000004,
            0.0,
            4.500000000000002,
            1.0
          ],
          "rotation": 90
        },
        "east": {
          "texture": "#0",
          "uv": [
            3.5000000000000004,
            0.0,
            4.499999999999998,
            16.0
          ],
          "rotation": 90
        },
        "south": {
          "texture": "#0",
          "uv": [
            3.5000000000000004,
            0.0,
            4.5,
            5.0
          ],
          "rotation": 90
        },
        "west": {
          "texture": "#0",
          "uv": [
            4.4,
            0.0,
            3.5,
            16.0
          ],
          "rotation": 90
        },
        "up": {
          "texture": "#0",
          "uv": [
            4.5,
            0.0,
            3.5000000000000018,
            5.0
          ],
          "rotation": 90
        },
        "down": {
          "texture": "#0",
          "uv": [
            3.4999999999999996,
            0.0,
            4.5,
            16.0
          ]
        }
      }
    },
    {
      "name": "Cube",
      "from": [
        3.0,
        0.0,
        10.600000008940697
      ],
      "to": [
        15.0,
        1.0,
        11.600000008940697
      ],
      "rotation": {
        "origin": [
          8.0,
          8.0,
          8.0
        ],
        "axis": "y",
        "angle": -22.5
      },
      "faces": {
        "north": {
          "texture": "#1",
          "uv": [
            0.0,
            0.0,
            14.0,
            1.0
          ]
        },
        "east": {
          "texture": "#1",
          "uv": [
            0.0,
            0.0,
            1.0,
            1.0
          ]
        },
        "south": {
          "texture": "#1",
          "uv": [
            0.0,
            0.0,
            14.0,
            1.0
          ]
        },
        "west": {
          "texture": "#1",
          "uv": [
            0.0,
            0.0,
            1.0,
            1.0
          ]
        },
        "up": {
          "texture": "#1",
          "uv": [
            0.0,
            0.0,
            14.0,
            1.0
          ]
        },
        "down": {
          "texture": "#1",
          "uv": [
            0.0,
            0.0,
            14.0,
            1.0
          ]
        }
      }
    },
    {
      "name": "Cube",
      "from": [
        14.599999994039536,
        0.0,
        1.0
      ],
      "to": [
        15.599999994039536,
        1.0,
        14.0
      ],
      "faces": {
        "north": {
          "texture": "#1",
          "uv": [
            0.0,
            0.0,
            1.0,
            1.0
          ]
        },
        "east": {
          "texture": "#1",
          "uv": [
            16.0,
            0.0,
            0.0,
            1.0
          ]
        },
        "south": {
          "texture": "#1",
          "uv": [
            0.0,
            0.0,
            1.0,
            1.0
          ]
        },
        "west": {
          "texture": "#1",
          "uv": [
            0.0,
            0.0,
            1.0,
            1.0
          ]
        },
        "up": {
          "texture": "#1",
          "uv": [
            2.2999999999999994,
            1.0,
            13.800000000000002,
            1.6999999999999997
          ],
          "rotation": 90
        },
        "down": {
          "texture": "#1",
          "uv": [
            0.0,
            0.0,
            14.0,
            1.0
          ]
        }
      }
    },
    {
      "name": "Cube",
      "from": [
        11.0,
        0.0,
        3.199999988079071
      ],
      "to": [
        12.0,
        1.0,
        15.199999988079071
      ],
      "rotation": {
        "origin": [
          8.0,
          8.0,
          8.0
        ],
        "axis": "y",
        "angle": 22.5
      },
      "faces": {
        "north": {
          "texture": "#1",
          "uv": [
            0.0,
            1.0,
            1.0,
            0.0
          ]
        },
        "east": {
          "texture": "#1",
          "uv": [
            0.0,
            0.0,
            16.0,
            1.0
          ]
        },
        "south": {
          "texture": "#1",
          "uv": [
            0.0,
            0.0,
            14.0,
            1.0
          ]
        },
        "west": {
          "texture": "#1",
          "uv": [
            0.0,
            0.0,
            1.0,
            1.0
          ]
        },
        "up": {
          "texture": "#1",
          "uv": [
            0.0,
            1.0,
            16.0,
            0.0
          ],
          "rotation": 90
        },
        "down": {
          "texture": "#1",
          "uv": [
            0.0,
            0.0,
            14.0,
            1.0
          ]
        }
      }
    },
    {
      "name": "Cube",
      "from": [
        4.0,
        0.0,
        7.399999991059303
      ],
      "to": [
        17.0,
        1.0,
        8.399999991059303
      ],
      "rotation": {
        "origin": [
          8.0,
          8.0,
          8.0
        ],
        "axis": "y",
        "angle": -45.0
      },
      "faces": {
        "north": {
          "texture": "#1",
          "uv": [
            0.0,
            0.0,
            14.0,
            1.0
          ]
        },
        "east": {
          "texture": "#1",
          "uv": [
            0.0,
            0.0,
            1.0,
            1.0
          ]
        },
        "south": {
          "texture": "#1",
          "uv": [
            0.0,
            0.0,
            14.0,
            1.0
          ]
        },
        "west": {
          "texture": "#1",
          "uv": [
            0.0,
            0.0,
            1.0,
            1.0
          ]
        },
        "up": {
          "texture": "#1",
          "uv": [
            0.0,
            0.0,
            14.0,
            1.0
          ]
        },
        "down": {
          "texture": "#1",
          "uv": [
            0.0,
            0.0,
            14.0,
            1.0
          ]
        }
      }
    },
    {
      "name": "Cube",
      "from": [
        1.0,
        0.0,
        14.0
      ],
      "to": [
        14.0,
        1.0,
        15.0
      ],
      "faces": {
        "north": {
          "texture": "#1",
          "uv": [
            0.0,
            0.0,
            14.0,
            1.0
          ]
        },
        "east": {
          "texture": "#1",
          "uv": [
            0.0,
            0.0,
            1.0,
            1.0
          ]
        },
        "south": {
          "texture": "#1",
          "uv": [
            0.0,
            0.0,
            14.0,
            1.0
          ]
        },
        "west": {
          "texture": "#1",
          "uv": [
            0.0,
            0.0,
            1.0,
            1.0
          ]
        },
        "up": {
          "texture": "#1",
          "uv": [
            0.0,
            0.0,
            14.0,
            1.0
          ]
        },
        "down": {
          "texture": "#1",
          "uv": [
            0.0,
            0.0,
            14.0,
            1.0
          ]
        }
      }
    },
    {
      "name": "Cube",
      "from": [
        4.699999995529652,
        1.0,
        9.0
      ],
      "to": [
        5.699999995529652,
        2.0,
        14.0
      ],
      "rotation": {
        "origin": [
          8.0,
          8.0,
          8.0
        ],
        "axis": "y",
        "angle": -22.5
      },
      "faces": {
        "north": {
          "texture": "#0",
          "uv": [
            3.5000000000000004,
            0.0,
            4.500000000000002,
            1.0
          ]
        },
        "east": {
          "texture": "#0",
          "uv": [
            3.5000000000000004,
            0.0,
            4.499999999999998,
            5.0
          ],
          "rotation": 90
        },
        "south": {
          "texture": "#0",
          "uv": [
            3.5000000000000004,
            0.0,
            4.5,
            1.0
          ]
        },
        "west": {
          "texture": "#0",
          "uv": [
            4.4,
            0.0,
            3.5,
            5.0
          ],
          "rotation": 90
        },
        "up": {
          "texture": "#0",
          "uv": [
            4.5,
            0.0,
            3.5000000000000018,
            5.0
          ]
        },
        "down": {
          "texture": "#0",
          "uv": [
            3.4999999999999996,
            0.0,
            4.5,
            16.0
          ]
        }
      }
    },
    {
      "name": "Cube",
      "from": [
        2.6999999955296516,
        1.0,
        12.299999989569187
      ],
      "to": [
        3.6999999955296516,
        2.0,
        16.0
      ],
      "faces": {
        "north": {
          "texture": "#0",
          "uv": [
            3.5000000000000004,
            0.0,
            4.500000000000002,
            1.0
          ]
        },
        "east": {
          "texture": "#0",
          "uv": [
            3.5000000000000004,
            0.0,
            4.499999999999998,
            3.8
          ],
          "rotation": 90
        },
        "south": {
          "texture": "#0",
          "uv": [
            3.5000000000000004,
            0.0,
            4.5,
            1.0
          ]
        },
        "west": {
          "texture": "#0",
          "uv": [
            4.4,
            0.0,
            3.5,
            3.6999999999999997
          ],
          "rotation": 90
        },
        "up": {
          "texture": "#0",
          "uv": [
            4.5,
            0.0,
            3.5000000000000018,
            3.8
          ]
        },
        "down": {
          "texture": "#0",
          "uv": [
            3.4999999999999996,
            0.0,
            4.5,
            16.0
          ]
        }
      }
    },
    {
      "name": "Cube",
      "from": [
        5.299999989569187,
        1.0,
        5.600000008940697
      ],
      "to": [
        6.299999989569187,
        2.0,
        10.200000002980232
      ],
      "rotation": {
        "origin": [
          8.0,
          8.0,
          8.0
        ],
        "axis": "y",
        "angle": -45.0
      },
      "faces": {
        "north": {
          "texture": "#0",
          "uv": [
            3.5000000000000004,
            0.0,
            4.500000000000002,
            1.0
          ]
        },
        "east": {
          "texture": "#0",
          "uv": [
            3.5000000000000004,
            0.0,
            4.499999999999998,
            5.0
          ],
          "rotation": 90
        },
        "south": {
          "texture": "#0",
          "uv": [
            3.5000000000000004,
            0.0,
            4.5,
            1.0
          ]
        },
        "west": {
          "texture": "#0",
          "uv": [
            4.4,
            0.0,
            3.5,
            4.600000000000001
          ],
          "rotation": 90
        },
        "up": {
          "texture": "#0",
          "uv": [
            4.5,
            0.0,
            3.5000000000000018,
            5.0
          ]
        },
        "down": {
          "texture": "#0",
          "uv": [
            3.4999999999999996,
            0.0,
            4.5,
            16.0
          ]
        }
      }
    },
    {
      "name": "Cube",
      "from": [
        12.199999988079071,
        1.0,
        2.6000000089406967
      ],
      "to": [
        16.0,
        2.0,
        3.6000000089406967
      ],
      "faces": {
        "north": {
          "texture": "#0",
          "uv": [
            3.5000000000000004,
            0.0,
            4.500000000000002,
            3.8
          ],
          "rotation": 90
        },
        "east": {
          "texture": "#0",
          "uv": [
            3.5000000000000004,
            0.0,
            4.499999999999998,
            16.0
          ]
        },
        "south": {
          "texture": "#0",
          "uv": [
            3.5000000000000004,
            0.0,
            4.5,
            3.8
          ],
          "rotation": 90
        },
        "west": {
          "texture": "#0",
          "uv": [
            4.4,
            0.0,
            3.5,
            16.0
          ]
        },
        "up": {
          "texture": "#0",
          "uv": [
            4.5,
            0.0,
            3.5000000000000018,
            3.8
          ],
          "rotation": 90
        },
        "down": {
          "texture": "#0",
          "uv": [
            3.4999999999999996,
            0.0,
            4.5,
            16.0
          ]
        }
      }
    },
    {
      "name": "Cube",
      "from": [
        12.400000005960464,
        1.0,
        14.0
      ],
      "to": [
        13.400000005960464,
        2.0,
        16.0
      ],
      "faces": {
        "north": {
          "texture": "#0",
          "uv": [
            3.4999999999999996,
            0.0,
            4.5,
            1.0
          ]
        },
        "east": {
          "texture": "#0",
          "uv": [
            3.5000000000000004,
            0.0,
            4.499999999999998,
            2.0
          ],
          "rotation": 90
        },
        "south": {
          "texture": "#0",
          "uv": [
            3.4999999999999996,
            0.0,
            4.5,
            1.0
          ]
        },
        "west": {
          "texture": "#0",
          "uv": [
            4.5,
            0.0,
            3.5,
            2.0
          ],
          "rotation": 90
        },
        "up": {
          "texture": "#0",
          "uv": [
            3.4999999999999996,
            0.0,
            4.5,
            2.0
          ]
        },
        "down": {
          "texture": "#0",
          "uv": [
            3.4999999999999996,
            0.0,
            4.5,
            16.0
          ]
        }
      }
    },
    {
      "name": "Cube",
      "from": [
        15.300000004470348,
        1.0,
        6.799999997019768
      ],
      "to": [
        16.30000000447035,
        2.0,
        9.200000002980232
      ],
      "rotation": {
        "origin": [
          8.0,
          8.0,
          8.0
        ],
        "axis": "y",
        "angle": -45.0
      },
      "faces": {
        "north": {
          "texture": "#0",
          "uv": [
            3.4999999999999996,
            0.0,
            4.5,
            1.0
          ]
        },
        "east": {
          "texture": "#0",
          "uv": [
            3.5000000000000004,
            0.0,
            4.499999999999998,
            2.4000000000000004
          ],
          "rotation": 90
        },
        "south": {
          "texture": "#0",
          "uv": [
            3.4999999999999996,
            0.0,
            4.5,
            1.0
          ]
        },
        "west": {
          "texture": "#0",
          "uv": [
            4.5,
            0.0,
            3.5,
            2.4000000000000004
          ],
          "rotation": 90
        },
        "up": {
          "texture": "#0",
          "uv": [
            3.4999999999999996,
            0.0,
            4.5,
            2.0
          ]
        },
        "down": {
          "texture": "#0",
          "uv": [
            1.4999999999999996,
            0.0,
            2.5,
            16.0
          ]
        }
      }
    }
  ]
}
