{
    "__comment": "Model generated using MrCrayfish's Model Creator (https://mrcrayfish.com/tools?id=mc)",
"ambientocclusion": false,
    "textures": {
        "particle": "block/rail",
        "0": "block/rail",
        "1": "block/oak_planks"
    },
    "display": {
        "gui": {
            "rotation": [ 30, 45, 0 ],
            "translation": [ 0, 0, 0 ],
            "scale": [ 0.625, 0.625, 0.625 ]
        },
        "ground": {
            "rotation": [ 0, 0, 0 ],
            "translation": [ 0, 3, 0 ],
            "scale": [ 0.25, 0.25, 0.25 ]
        },
        "fixed": {
            "rotation": [ 0, 180, 0 ],
            "translation": [ 0, 0, 0 ],
            "scale": [ 1, 1, 1 ]
        },
        "head": {
            "rotation": [ 0, 180, 0 ],
            "translation": [ 0, 0, 0 ],
            "scale": [ 1, 1, 1 ]
        },
        "firstperson_righthand": {
            "rotation": [ 0, 315, 0 ],
            "translation": [ 0, 2.5, 0 ],
            "scale": [ 0.4, 0.4, 0.4 ]
        },
        "thirdperson_righthand": {
            "rotation": [ 75, 315, 0 ],
            "translation": [ 0, 2.5, 0 ],
            "scale": [ 0.375, 0.375, 0.375 ]
        }
    },
    "elements": [
        {
            "name": "Cube",
            "from": [ 12.3, 8.5, -2.7 ], 
            "to": [ 13.3, 9.5, 20.5 ], 
            "rotation": { "origin": [ 8, 8, 8 ], "axis": "x", "angle": -45.0 },
            "faces": {
                "north": { "texture": "#0", "uv": [ 3.5, 0, 4.5, 1 ] },
                "east": { "texture": "#0", "uv": [ 3.5, 0, 4.5, 16 ], "rotation": 90 },
                "south": { "texture": "#0", "uv": [ 3.5, 0, 4.5, 1 ] },
                "west": { "texture": "#0", "uv": [ 4.5, 0, 3.5, 16 ], "rotation": 90 },
                "up": { "texture": "#0", "uv": [ 3.5, 0, 4.5, 16 ] },
                "down": { "texture": "#0", "uv": [ 3.5, 0, 4.5, 16 ] }
            }
        },
        {
            "name": "Cube",
            "from": [ 2.6, 8.5, -2.7 ], 
            "to": [ 3.6, 9.5, 20.5 ], 
            "rotation": { "origin": [ 8, 8, 8 ], "axis": "x", "angle": -45.0 },
            "faces": {
                "north": { "texture": "#0", "uv": [ 3.5, 0, 4.5, 1 ] },
                "east": { "texture": "#0", "uv": [ 3.5, 0, 4.5, 16 ], "rotation": 90 },
                "south": { "texture": "#0", "uv": [ 3.5, 0, 4.5, 1 ] },
                "west": { "texture": "#0", "uv": [ 4.4, 0, 3.5, 16 ], "rotation": 90 },
                "up": { "texture": "#0", "uv": [ 4.5, 0, 3.5, 16 ] },
                "down": { "texture": "#0", "uv": [ 3.5, 0, 4.5, 16 ] }
            }
        },
        {
            "name": "Cube",
            "from": [ 1, 7.5, 12.6 ], 
            "to": [ 15, 8.5, 13.6 ], 
            "rotation": { "origin": [ 8, 8, 8 ], "axis": "x", "angle": -45.0 },
            "faces": {
                "north": { "texture": "#1", "uv": [ 0, 0, 14, 1 ] },
                "east": { "texture": "#1", "uv": [ 0, 0, 1, 1 ] },
                "south": { "texture": "#1", "uv": [ 0, 0, 14, 1 ] },
                "west": { "texture": "#1", "uv": [ 0, 0, 1, 1 ] },
                "up": { "texture": "#1", "uv": [ 0, 0, 14, 1 ] },
                "down": { "texture": "#1", "uv": [ 0, 0, 14, 1 ] }
            }
        },
        {
            "name": "Cube",
            "from": [ 1, 7.5, -2 ], 
            "to": [ 15, 8.5, -1 ], 
            "rotation": { "origin": [ 8, 8, 8 ], "axis": "x", "angle": -45.0 },
            "faces": {
                "north": { "texture": "#1", "uv": [ 0, 0, 14, 1 ] },
                "east": { "texture": "#1", "uv": [ 0, 0, 1, 1 ] },
                "south": { "texture": "#1", "uv": [ 0, 0, 14, 1 ] },
                "west": { "texture": "#1", "uv": [ 0, 0, 1, 1 ] },
                "up": { "texture": "#1", "uv": [ 2.3, 1, 13.8, 1.7 ] },
                "down": { "texture": "#1", "uv": [ 0, 0, 14, 1 ] }
            }
        },
        {
            "name": "Cube",
            "from": [ 1, 7.5, 2.2 ], 
            "to": [ 15, 8.5, 3.2 ], 
            "rotation": { "origin": [ 8, 8, 8 ], "axis": "x", "angle": -45.0 },
            "faces": {
                "north": { "texture": "#1", "uv": [ 0, 16, 1, 0 ], "rotation": 90 },
                "east": { "texture": "#1", "uv": [ 0, 0, 1, 1 ] },
                "south": { "texture": "#1", "uv": [ 0, 0, 14, 1 ] },
                "west": { "texture": "#1", "uv": [ 0, 0, 1, 1 ] },
                "up": { "texture": "#1", "uv": [ 0, 16, 1, 0 ], "rotation": 90 },
                "down": { "texture": "#1", "uv": [ 0, 0, 14, 1 ] }
            }
        },
        {
            "name": "Cube",
            "from": [ 1, 7.5, 7.4 ], 
            "to": [ 15, 8.5, 8.4 ], 
            "rotation": { "origin": [ 8, 8, 8 ], "axis": "x", "angle": -45.0 },
            "faces": {
                "north": { "texture": "#1", "uv": [ 0, 0, 14, 1 ] },
                "east": { "texture": "#1", "uv": [ 0, 0, 1, 1 ] },
                "south": { "texture": "#1", "uv": [ 0, 0, 14, 1 ] },
                "west": { "texture": "#1", "uv": [ 0, 0, 1, 1 ] },
                "up": { "texture": "#1", "uv": [ 0, 0, 14, 1 ] },
                "down": { "texture": "#1", "uv": [ 0, 0, 14, 1 ] }
            }
        },
        {
            "name": "Cube",
            "from": [ 1, 7.5, 17.8 ], 
            "to": [ 15, 8.5, 18.8 ], 
            "rotation": { "origin": [ 8, 8, 8 ], "axis": "x", "angle": -45.0 },
            "faces": {
                "north": { "texture": "#1", "uv": [ 0, 0, 14, 1 ] },
                "east": { "texture": "#1", "uv": [ 0, 0, 1, 1 ] },
                "south": { "texture": "#1", "uv": [ 0, 0, 14, 1 ] },
                "west": { "texture": "#1", "uv": [ 0, 0, 1, 1 ] },
                "up": { "texture": "#1", "uv": [ 0, 0, 14, 1 ] },
                "down": { "texture": "#1", "uv": [ 0, 0, 14, 1 ] }
            }
        }
    ]
}