{
  "parent": "item/generated",
  "display": {
    "gui": {
      "rotation": [
        30,
        -45,
        0
      ],
      "scale": [
        0.9,
        0.9,
        1.2
      ]
    },
    "thirdperson_lefthand": {
      "translation": [
        0,
        4,
        0
      ],
      "scale": [
        1,
        1,
        1.3
      ]
    },
    "thirdperson_righthand": {
      "translation": [
        -1.3,
        0,
        4
      ],
      "scale": [
        1.4,
        1.4,
        1.7
      ],
      "rotation": [
        0,
        90,
        0
      ]
    },
    "firstperson_lefthand": {
      "translation": [
        0,
        5,
        0
      ],
      "rotation": [
        0,
        90,
        0
      ],
      "scale": [
        1,
        1,
        1.3
      ]
    },
    "firstperson_righthand": {
      "translation": [
        0,
        5,
        0
      ],
      "rotation": [
        0,
        90,
        0
      ],
      "scale": [
        1,
        1,
        1.3
      ]
    },
    "ground": {
      "scale": [
        0.5,
        0.5,
        0.5
      ],
      "translation": [
        0,
        3,
        0
      ]
    }
  },
  "textures": {
    "layer0": "item/acacia_door"
  }
}
